gmv,const,cnt_call,sum_online_time,cnt_call_lag,sum_online_time_lag,is_exp,cnt_answer,cnt_finish,date,time
0.631692569,1,0.473960431,0.854108568,0,0,-1,0.493933714,0.428493697,1,1
0.534165928,1,0.404515212,0.655728374,0.473960431,0.854108568,-1,0.442037824,0.393463011,1,2
0.482494116,1,0.348413094,0.527531969,0.404515212,0.655728374,1,0.44325035,0.4083443,1,3
0.412198273,1,0.27806285,0.46194527,0.348413094,0.527531969,1,0.393950446,0.364530424,1,4
0.308094331,1,0.21177004,0.447592235,0.27806285,0.46194527,-1,0.318083445,0.284369193,1,5
0.267019244,1,0.176547021,0.454301347,0.21177004,0.447592235,-1,0.284874353,0.247588109,1,6
0.273043221,1,0.161422447,0.490296489,0.176547021,0.454301347,1,0.287244437,0.247519098,1,7
0.280166832,1,0.144155099,0.467084571,0.161422447,0.490296489,1,0.251116574,0.21959317,1,8
0.25045656,1,0.123944387,0.389308736,0.144155099,0.467084571,-1,0.217118701,0.180110508,1,9
0.258446255,1,0.113022799,0.330628893,0.123944387,0.389308736,-1,0.200346184,0.160741827,1,10
0.287591834,1,0.117724885,0.318265618,0.113022799,0.330628893,1,0.190916326,0.16360762,1,11
0.316755188,1,0.148322788,0.329876807,0.117724885,0.318265618,1,0.209210472,0.191374672,1,12
0.410878991,1,0.226900245,0.41176077,0.148322788,0.329876807,-1,0.346977113,0.310490766,1,13
0.65902864,1,0.384642309,0.684133844,0.226900245,0.41176077,-1,0.742026791,0.664176092,1,14
1.010458341,1,0.641587926,1.18108534,0.384642309,0.684133844,1,1.51205746,1.372069896,1,15
1.178592116,1,0.943606026,1.76745527,0.641587926,1.18108534,1,2.208338027,2.150706917,1,16
1.358275585,1,1.198042742,2.069915092,0.943606026,1.76745527,-1,2.54295264,2.622279506,1,17
1.640251383,1,1.449028693,2.100167113,1.198042742,2.069915092,-1,2.781299583,2.940500676,1,18
2.081826758,1,1.687272179,1.798519617,1.449028693,2.100167113,1,2.943799665,3.137404057,1,19
2.060015154,1,1.751985805,1.408484589,1.687272179,1.798519617,1,2.726676121,2.754676022,1,20
1.67036882,1,1.659735845,1.228456316,1.751985805,1.408484589,-1,2.353273178,2.047993149,1,21
1.682092835,1,1.582558648,1.291995885,1.659735845,1.228456316,-1,2.076630025,1.93040903,1,22
1.92645646,1,1.510000947,1.489996326,1.582558648,1.291995885,1,2.221349407,2.173966475,1,23
2.000731095,1,1.359119902,1.657760548,1.510000947,1.489996326,1,2.218170252,2.234950852,1,24
1.695525586,1,1.237555299,1.667627054,1.359119902,1.657760548,-1,2.007916782,2.030008961,1,25
1.718551895,1,1.300023042,1.682145599,1.237555299,1.667627054,-1,2.034749145,2.062310874,1,26
2.258663334,1,1.518338868,1.728598573,1.300023042,1.682145599,1,2.327814371,2.382144304,1,27
2.35129761,1,1.708806471,1.692785644,1.518338868,1.728598573,1,2.431487038,2.414434125,1,28
2.006203603,1,1.802611258,1.579240493,1.708806471,1.692785644,-1,2.31612235,2.263107335,1,29
1.935216475,1,1.9404492,1.433344991,1.802611258,1.579240493,-1,2.32767069,2.300547555,1,30
2.243152661,1,2.110520909,1.325998836,1.9404492,1.433344991,1,2.543983085,2.578953858,1,31
2.26180319,1,2.080986102,1.306452925,2.110520909,1.325998836,1,2.582062915,2.66119241,1,32
2.045671989,1,1.868009866,1.36561021,2.080986102,1.306452925,-1,2.282341674,2.424098481,1,33
1.905729281,1,1.764576299,1.504558635,1.868009866,1.36561021,-1,2.133002653,2.305624567,1,34
2.190245559,1,1.805622289,1.952639675,1.764576299,1.504558635,1,2.454411092,2.598915999,1,35
2.271702054,1,1.799370236,2.412610934,1.805622289,1.952639675,1,2.591790341,2.709547423,1,36
2.02525779,1,1.709572836,2.486797734,1.799370236,2.412610934,-1,2.40465948,2.473019443,1,37
1.972997021,1,1.674626706,2.362585564,1.709572836,2.486797734,-1,2.396409475,2.439433343,1,38
1.976403306,1,1.68363395,1.998473039,1.674626706,2.362585564,1,2.53375116,2.554602542,1,39
1.887985404,1,1.577754855,1.588929111,1.68363395,1.998473039,1,2.387748438,2.451159044,1,40
1.762157048,1,1.398977917,1.416551907,1.577754855,1.588929111,-1,2.103136062,2.283746304,1,41
1.786344668,1,1.309674421,1.682489823,1.398977917,1.416551907,-1,2.198855592,2.452566418,1,42
2.232510407,1,1.304847075,2.040145401,1.309674421,1.682489823,1,2.605894788,2.773958417,1,43
2.272233856,1,1.234066154,2.091362929,1.304847075,2.040145401,1,2.525902387,2.661653211,1,44
1.824785851,1,1.125506873,1.938413287,1.234066154,2.091362929,-1,1.955016586,2.056272474,1,45
1.416581127,1,1.079906864,1.634115822,1.125506873,1.938413287,-1,1.553526842,1.574452289,1,46
1.257307728,1,1.051692793,1.333748639,1.079906864,1.634115822,1,1.228222697,1.148720132,1,47
0.961623001,1,0.95602318,1.160869029,1.051692793,1.333748639,1,0.732885018,0.756173632,1,48
0.707078235,1,0.507091114,0.894758753,0.95602318,1.160869029,1,0.551113687,0.471538727,2,1
0.614444536,1,0.443914643,0.800691396,0.507091114,0.894758753,1,0.502897059,0.443088659,2,2
0.457542785,1,0.359953005,0.659386167,0.443914643,0.800691396,-1,0.407925613,0.366436645,2,3
0.376319444,1,0.299070725,0.56945329,0.359953005,0.659386167,-1,0.360587141,0.327142703,2,4
0.357268044,1,0.259645531,0.515794922,0.299070725,0.56945329,1,0.351079061,0.316979986,2,5
0.304607816,1,0.216726322,0.454300575,0.259645531,0.515794922,1,0.310979555,0.275616,2,6
0.254233985,1,0.174904176,0.403020002,0.216726322,0.454300575,-1,0.253218366,0.220879607,2,7
0.253422797,1,0.151477793,0.394571124,0.174904176,0.403020002,-1,0.232009154,0.198198113,2,8
0.28784535,1,0.144062112,0.417143295,0.151477793,0.394571124,1,0.233323712,0.195582135,2,9
0.297745358,1,0.144194975,0.427577262,0.144062112,0.417143295,1,0.216922373,0.175488764,2,10
0.286950706,1,0.164399755,0.430431613,0.144194975,0.427577262,-1,0.188082585,0.146211778,2,11
0.313906862,1,0.238076879,0.502553179,0.164399755,0.430431613,-1,0.221361289,0.170587874,2,12
0.461622889,1,0.40180014,0.755503459,0.238076879,0.502553179,1,0.427017519,0.339531363,2,13
0.853159424,1,0.652395514,1.243123229,0.40180014,0.755503459,1,0.860595422,0.73327616,2,14
1.373424597,1,0.957363637,1.85907609,0.652395514,1.243123229,-1,1.40602164,1.282511594,2,15
1.96175646,1,1.351131879,2.522895425,0.957363637,1.85907609,-1,2.061989663,2.013576582,2,16
2.796375544,1,1.832961324,3.112332526,1.351131879,2.522895425,1,2.817895929,2.87234908,2,17
2.860278726,1,2.160881282,3.161425707,1.832961324,3.112332526,1,3.028865984,3.11626769,2,18
2.384386724,1,2.243143469,2.705098607,2.160881282,3.161425707,-1,2.687851558,2.748967427,2,19
2.244926709,1,2.289757882,2.268974049,2.243143469,2.705098607,-1,2.477040061,2.472782579,2,20
2.39646331,1,2.343196514,1.993757606,2.289757882,2.268974049,1,2.465058726,2.428435818,2,21
2.203139954,1,2.237430692,1.719971144,2.343196514,1.993757606,1,2.332141175,2.223198134,2,22
1.951204848,1,2.052679765,1.508001584,2.237430692,1.719971144,-1,2.092356866,1.986887073,2,23
2.000750538,1,2.015980865,1.490323346,2.052679765,1.508001584,-1,2.116829195,2.05297009,2,24
2.330341885,1,2.114903401,1.63938286,2.015980865,1.490323346,1,2.373404076,2.405918286,2,25
2.396541055,1,2.146557342,1.730632799,2.114903401,1.63938286,1,2.417994574,2.488541944,2,26
2.25162783,1,2.102041404,1.728805896,2.146557342,1.730632799,-1,2.260035466,2.275749686,2,27
2.273134903,1,2.168564019,1.804955431,2.102041404,1.728805896,-1,2.29208397,2.274042657,2,28
2.487287028,1,2.347337699,1.988321564,2.168564019,1.804955431,1,2.534012214,2.476425462,2,29
2.4429262,1,2.415836855,2.076630626,2.347337699,1.988321564,1,2.531299331,2.438959722,2,30
2.219490707,1,2.36788886,2.046278592,2.415836855,2.076630626,-1,2.342324421,2.266471163,2,31
2.359878669,1,2.43359446,2.119036954,2.36788886,2.046278592,-1,2.412689653,2.370361973,2,32
2.827611756,1,2.608513986,2.344064145,2.43359446,2.119036954,1,2.773747953,2.732429956,2,33
2.906734053,1,2.633151231,2.49903291,2.608513986,2.344064145,1,2.850135155,2.850492694,2,34
2.568592874,1,2.502560444,2.5451753,2.633151231,2.49903291,-1,2.582485029,2.633718563,2,35
2.539911108,1,2.463163822,2.668556028,2.502560444,2.5451753,-1,2.634376147,2.698109711,2,36
2.702140109,1,2.506868707,2.781769764,2.463163822,2.668556028,1,2.910012941,2.967898669,2,37
2.46746589,1,2.404225628,2.604810321,2.506868707,2.781769764,1,2.742845463,2.77722155,2,38
2.014410601,1,2.193556478,2.299537256,2.404225628,2.604810321,-1,2.319106017,2.333261289,2,39
1.957944871,1,2.11997095,2.225515284,2.193556478,2.299537256,-1,2.244028538,2.284407075,2,40
2.348325334,1,2.190039761,2.375762079,2.11997095,2.225515284,1,2.566221532,2.679965601,2,41
2.583498748,1,2.176379062,2.47502775,2.190039761,2.375762079,1,2.705182599,2.843559349,2,42
2.439943286,1,2.047516279,2.437815258,2.176379062,2.47502775,-1,2.487137454,2.596713219,2,43
2.311823802,1,1.965348223,2.367341141,2.047516279,2.437815258,-1,2.327990555,2.364468913,2,44
2.128444309,1,1.882304898,2.24214833,1.965348223,2.367341141,1,2.151952844,2.080096557,2,45
1.70944142,1,1.607247284,1.918426879,1.882304898,2.24214833,1,1.642086202,1.519599956,2,46
1.185724785,1,1.216772629,1.514798699,1.607247284,1.918426879,-1,1.06519705,1.007555348,2,47
0.851947479,1,0.882829394,1.219660096,1.216772629,1.514798699,-1,0.68455363,0.698722892,2,48
0.524384892,1,0.447836649,0.915987125,0.882829394,1.219660096,-1,0.527435787,0.434554643,3,1
0.527424554,1,0.409328977,0.819405972,0.447836649,0.915987125,-1,0.471225475,0.401890607,3,2
0.542370521,1,0.382980507,0.797141913,0.409328977,0.819405972,1,0.452573889,0.404526779,3,3
0.452168473,1,0.331457889,0.733605138,0.382980507,0.797141913,1,0.40186992,0.357644339,3,4
0.359372802,1,0.26495788,0.606871632,0.331457889,0.733605138,-1,0.317350002,0.29149895,3,5
0.275573955,1,0.21903298,0.51716871,0.26495788,0.606871632,-1,0.280320485,0.251404861,3,6
0.271075833,1,0.190746476,0.475767581,0.21903298,0.51716871,1,0.275668853,0.247811062,3,7
0.265231735,1,0.16262119,0.454181696,0.190746476,0.475767581,1,0.250594891,0.219304916,3,8
0.235805431,1,0.142732864,0.432063492,0.16262119,0.454181696,-1,0.219953337,0.175345539,3,9
0.271705067,1,0.156309115,0.434326088,0.142732864,0.432063492,-1,0.212078125,0.148669799,3,10
0.358404926,1,0.222833039,0.456690851,0.156309115,0.434326088,1,0.239596952,0.138853012,3,11
0.369944792,1,0.349713261,0.552143403,0.222833039,0.456690851,1,0.287550048,0.169631986,3,12
0.365448859,1,0.54564614,0.828242926,0.349713261,0.552143403,-1,0.427302777,0.312199546,3,13
0.804952818,1,0.858610402,1.357764137,0.54564614,0.828242926,-1,0.800666077,0.761865004,3,14
2.003676881,1,1.301101157,2.138050031,0.858610402,1.357764137,1,1.560712588,1.563597191,3,15
3.082743535,1,1.718826331,2.880658206,1.301101157,2.138050031,1,2.228073515,2.175883347,3,16
2.937471488,1,1.972338173,3.129363378,1.718826331,2.880658206,-1,2.333470266,2.547225337,3,17
2.742858869,1,2.219639091,3.146160579,1.972338173,3.129363378,-1,2.406228353,2.815971056,3,18
2.849988265,1,2.521450155,3.059791362,2.219639091,3.146160579,1,2.645859264,3.022264452,3,19
2.711112274,1,2.667403112,2.709344922,2.521450155,3.059791362,1,2.575841125,2.768109417,3,20
2.424869696,1,2.620466878,2.117351075,2.667403112,2.709344922,-1,2.26110772,2.320186234,3,21
2.304880608,1,2.672360136,1.694023197,2.620466878,2.117351075,-1,2.376986867,2.2163079,3,22
2.523504836,1,2.815984383,1.532429637,2.672360136,1.694023197,1,2.687830202,2.30090834,3,23
2.57317333,1,2.735586651,1.423464384,2.815984383,1.532429637,1,2.65655034,2.328999216,3,24
2.541350533,1,2.461412258,1.415141719,2.735586651,1.423464384,-1,2.388819093,2.197893408,3,25
2.439311145,1,2.289882711,1.579128912,2.461412258,1.415141719,-1,2.339435625,2.290488617,3,26
2.662496367,1,2.264580465,1.858571246,2.289882711,1.579128912,1,2.493085686,2.582212024,3,27
2.430692267,1,2.223110199,2.048204604,2.264580465,1.858571246,1,2.513847768,2.543436043,3,28
1.929200762,1,2.193761772,2.015439216,2.223110199,2.048204604,-1,2.307719605,2.243523003,3,29
2.025659999,1,2.364151383,2.051896107,2.193761772,2.015439216,-1,2.322974207,2.222760134,3,30
2.52601525,1,2.678332032,2.145190436,2.364151383,2.051896107,1,2.566578187,2.512380326,3,31
2.721413315,1,2.843921787,2.128181916,2.678332032,2.145190436,1,2.650309204,2.682044111,3,32
2.356902672,1,2.80670196,2.073333489,2.843921787,2.128181916,-1,2.445645096,2.557348479,3,33
2.693876259,1,2.879474445,2.36855968,2.80670196,2.073333489,-1,2.492059828,2.604711328,3,34
3.408421212,1,3.114696671,3.03131579,2.879474445,2.36855968,1,3.176128005,3.143206628,3,35
3.322738305,1,3.205553578,3.470130282,3.114696671,3.03131579,1,3.689244463,3.380860298,3,36
2.679604479,1,3.075078452,3.333488888,3.205553578,3.470130282,-1,3.30108036,2.789591544,3,37
2.448136635,1,3.036587053,2.997883278,3.075078452,3.333488888,-1,2.906791602,2.555606117,3,38
2.726007808,1,3.102720557,2.969544065,3.036587053,2.997883278,1,2.791464164,2.651748802,3,39
2.632223702,1,2.990425054,3.043452906,3.102720557,2.969544065,1,2.73993492,2.715436527,3,40
2.688469008,1,2.75656413,3.11059103,2.990425054,3.043452906,-1,2.6370524,2.574440065,3,41
2.977831003,1,2.730646322,3.205992787,2.75656413,3.11059103,-1,2.783128681,2.635075228,3,42
3.079374988,1,2.846185696,3.101527506,2.730646322,3.205992787,1,3.076027229,2.893241132,3,43
2.583561425,1,2.713832556,2.508199333,2.846185696,3.101527506,1,2.699827265,2.471155106,3,44
2.032194506,1,2.279975943,1.826116473,2.713832556,2.508199333,-1,2.062345536,1.844472293,3,45
1.679973046,1,1.800175249,1.456111994,2.279975943,1.826116473,-1,1.636803539,1.451975455,3,46
1.470856976,1,1.280670807,1.351963597,1.800175249,1.456111994,1,1.163688637,1.085191087,3,47
0.836475812,1,0.637567226,1.221416728,1.280670807,1.351963597,1,0.797835885,0.766780229,3,48
0.72300906,1,0.53848323,0.963666506,0.637567226,1.221416728,1,0.556157595,0.463783078,4,1
0.611328342,1,0.462935174,0.828411828,0.53848323,0.963666506,1,0.502488297,0.446910695,4,2
0.447676817,1,0.372238535,0.644046199,0.462935174,0.828411828,-1,0.401335086,0.365856253,4,3
0.37725638,1,0.309939585,0.517875961,0.372238535,0.644046199,-1,0.34914598,0.322994807,4,4
0.360822785,1,0.269716211,0.459987285,0.309939585,0.517875961,1,0.339434289,0.311617646,4,5
0.308678376,1,0.226277786,0.429024922,0.269716211,0.459987285,1,0.302595098,0.272295153,4,6
0.252398327,1,0.185194205,0.398412998,0.226277786,0.429024922,-1,0.248359099,0.217810415,4,7
0.250750607,1,0.164451381,0.366747669,0.185194205,0.398412998,-1,0.231813333,0.196543093,4,8
0.274382961,1,0.160967748,0.342436769,0.164451381,0.366747669,1,0.239464626,0.196645665,4,9
0.285207766,1,0.167051446,0.339069643,0.160967748,0.342436769,1,0.218601472,0.177134035,4,10
0.293427893,1,0.201882013,0.376648088,0.167051446,0.339069643,-1,0.180532952,0.147329382,4,11
0.330546737,1,0.309750712,0.524153931,0.201882013,0.376648088,-1,0.22073339,0.166067787,4,12
0.455377443,1,0.536490696,0.892919565,0.309750712,0.524153931,1,0.439661617,0.330052816,4,13
0.952862821,1,0.871694498,1.515008209,0.536490696,0.892919565,1,0.887284728,0.725475128,4,14
1.818300715,1,1.265877974,2.23029675,0.871694498,1.515008209,-1,1.471497598,1.324451952,4,15
2.862885084,1,1.751118065,2.981720999,1.265877974,2.23029675,-1,2.200356632,2.128753204,4,16
3.844801213,1,2.320829829,3.683930339,1.751118065,2.981720999,1,2.961339895,2.967608553,4,17
3.703242435,1,2.671034415,3.798138903,2.320829829,3.683930339,1,3.128391398,3.109965616,4,18
2.859207821,1,2.721213674,3.260453922,2.671034415,3.798138903,-1,2.777166172,2.724512087,4,19
2.513951292,1,2.757792038,2.614073198,2.721213674,3.260453922,-1,2.574712928,2.51317873,4,20
2.46509955,1,2.832835108,2.050659631,2.757792038,2.614073198,1,2.658844529,2.531301451,4,21
2.296342302,1,2.754803721,1.586625955,2.832835108,2.050659631,1,2.58208296,2.299063536,4,22
2.009301052,1,2.581535669,1.307747527,2.754803721,1.586625955,-1,2.269515652,2.028039907,4,23
2.073577277,1,2.57650935,1.287218963,2.581535669,1.307747527,-1,2.26162566,2.085827949,4,24
2.607027702,1,2.726230326,1.464064036,2.57650935,1.287218963,1,2.550476517,2.469141893,4,25
2.774778987,1,2.75915335,1.597736843,2.726230326,1.464064036,1,2.639527969,2.599132104,4,26
2.439968839,1,2.637553331,1.619127528,2.75915335,1.597736843,-1,2.434313336,2.364693787,4,27
2.389601613,1,2.632712543,1.716332222,2.637553331,1.619127528,-1,2.400119769,2.351606656,4,28
2.632206352,1,2.791616349,1.878010475,2.632712543,1.716332222,1,2.580716708,2.527309621,4,29
2.530682749,1,2.854382721,1.936276769,2.791616349,1.878010475,1,2.542230088,2.481393451,4,30
2.287680217,1,2.799369735,2.049716345,2.854382721,1.936276769,-1,2.399888991,2.320534507,4,31
2.567281552,1,2.919285424,2.369518192,2.799369735,2.049716345,-1,2.552136665,2.412806245,4,32
3.271919129,1,3.184715484,2.8595651,2.919285424,2.369518192,1,3.02122139,2.786517697,4,33
3.53212685,1,3.235883383,3.123773436,3.184715484,2.8595651,1,3.206690216,3.045315962,4,34
3.128546496,1,3.073791151,3.103262133,3.235883383,3.123773436,-1,2.922935628,2.897609246,4,35
2.999194824,1,3.035203275,3.175973747,3.073791151,3.103262133,-1,2.913604105,2.933396207,4,36
3.149101792,1,3.11256706,3.21617303,3.035203275,3.175973747,1,3.126422667,3.144033687,4,37
2.764973586,1,3.003938365,2.895157171,3.11256706,3.21617303,1,2.85604796,2.864421921,4,38
2.245761197,1,2.744404099,2.510730723,3.003938365,2.895157171,-1,2.361597647,2.359668539,4,39
2.190464896,1,2.652135501,2.411275351,2.744404099,2.510730723,-1,2.280582302,2.301184579,4,40
2.668639724,1,2.764997118,2.551988586,2.652135501,2.411275351,1,2.669374644,2.719958799,4,41
2.958752866,1,2.771004653,2.698943691,2.764997118,2.551988586,1,2.853432788,2.947800452,4,42
2.779938512,1,2.592435392,2.783980591,2.771004653,2.698943691,-1,2.572739246,2.631806254,4,43
2.453977709,1,2.447579878,2.86388715,2.592435392,2.783980591,-1,2.354153479,2.288070902,4,44
2.179814985,1,2.292391453,2.72571056,2.447579878,2.86388715,1,2.115060559,1.927554624,4,45
1.799407589,1,1.886306219,2.214519837,2.292391453,2.72571056,1,1.556732567,1.371908297,4,46
1.226060511,1,1.344608888,1.609018832,1.886306219,2.214519837,-1,1.022804825,0.973315053,4,47
0.844700218,1,0.869038329,1.198934283,1.344608888,1.609018832,-1,0.689305182,0.697795379,4,48
0.652660586,1,0.522240485,0.812879942,0.869038329,1.198934283,-1,0.510862845,0.454507006,5,1
0.49065063,1,0.480095466,0.694027816,0.522240485,0.812879942,-1,0.49096384,0.452270129,5,2
0.550522187,1,0.448487801,0.651799309,0.480095466,0.694027816,1,0.501399831,0.480264187,5,3
0.433224748,1,0.381300446,0.580025674,0.448487801,0.651799309,1,0.462295227,0.411615252,5,4
0.312254551,1,0.29825117,0.485803518,0.381300446,0.580025674,-1,0.389705327,0.312280533,5,5
0.285367054,1,0.24234953,0.433282279,0.29825117,0.485803518,-1,0.35193278,0.251290129,5,6
0.306659183,1,0.207223032,0.43643566,0.24234953,0.433282279,1,0.357693155,0.219687416,5,7
0.322150346,1,0.17125613,0.421392759,0.207223032,0.43643566,1,0.336141597,0.199595664,5,8
0.278150367,1,0.139286826,0.395202244,0.17125613,0.421392759,-1,0.283989934,0.179642747,5,9
0.279787536,1,0.130145169,0.409301866,0.139286826,0.395202244,-1,0.248243424,0.176342909,5,10
0.320117277,1,0.152730562,0.467874257,0.130145169,0.409301866,1,0.221715679,0.184055836,5,11
0.334470317,1,0.215656506,0.544095197,0.152730562,0.467874257,1,0.239561947,0.22538341,5,12
0.386536495,1,0.336214666,0.734747684,0.215656506,0.544095197,-1,0.546327482,0.372957302,5,13
0.82792411,1,0.558275923,1.145296473,0.336214666,0.734747684,-1,1.267139609,0.742381544,5,14
1.923520662,1,0.914870201,1.6884875,0.558275923,1.145296473,1,2.462179175,1.428701602,5,15
2.544308295,1,1.298512928,1.947668407,0.914870201,1.6884875,1,3.727364935,2.148416883,5,16
2.756886738,1,1.574042114,1.881283035,1.298512928,1.947668407,-1,4.161606408,2.587448238,5,17
2.90742832,1,1.802177287,1.768772878,1.574042114,1.881283035,-1,4.407263029,2.886023303,5,18
2.821846259,1,1.968878374,1.876580072,1.802177287,1.768772878,1,4.65437839,3.133553399,5,19
2.379401197,1,1.905356639,1.880846061,1.968878374,1.876580072,1,4.194127112,2.782458685,5,20
1.945429291,1,1.673239167,1.804575302,1.905356639,1.880846061,-1,3.218185152,2.21880472,5,21
1.556115681,1,1.544524302,1.70722444,1.673239167,1.804575302,-1,2.788676047,2.09174587,5,22
1.956955761,1,1.553646667,1.726528976,1.544524302,1.70722444,1,2.713401956,2.264653995,5,23
2.31627627,1,1.566724593,1.800126958,1.553646667,1.726528976,1,2.604216212,2.213272546,5,24
2.126586439,1,1.57043434,1.853691192,1.566724593,1.800126958,-1,2.290073471,2.069379016,5,25
2.267251545,1,1.674845094,2.016592145,1.57043434,1.853691192,-1,2.158757189,2.189421056,5,26
2.636342779,1,1.85203764,2.098523578,1.674845094,2.016592145,1,2.626866495,2.560062421,5,27
2.681431631,1,1.86986457,2.046180138,1.85203764,2.098523578,1,2.834457065,2.611485493,5,28
2.513277902,1,1.734345674,1.964062165,1.86986457,2.046180138,-1,2.754835144,2.418784602,5,29
2.490168564,1,1.692002906,1.899517582,1.734345674,1.964062165,-1,2.927796687,2.545593665,5,30
2.62579471,1,1.805204668,1.860455275,1.692002906,1.899517582,1,3.228980076,2.882117445,5,31
2.495174544,1,1.919615333,1.904491967,1.805204668,1.860455275,1,3.167167174,2.910524317,5,32
2.233348389,1,1.977333847,2.018571341,1.919615333,1.904491967,-1,2.753088518,2.596073387,5,33
2.192097411,1,2.105929378,2.187456328,1.977333847,2.018571341,-1,2.561364033,2.621952258,5,34
2.409956233,1,2.278488625,2.382203908,2.105929378,2.187456328,1,2.668901487,2.82566388,5,35
2.691950351,1,2.277009013,2.400814884,2.278488625,2.382203908,1,2.712661934,2.633301002,5,36
2.782285717,1,2.129038944,2.25796438,2.277009013,2.400814884,-1,2.674482016,2.341561596,5,37
2.82993384,1,2.062996319,2.098462041,2.129038944,2.25796438,-1,2.696004629,2.234715233,5,38
2.819414525,1,2.078951847,2.017369481,2.062996319,2.098462041,1,2.876901726,2.516200865,5,39
2.397472379,1,1.973484827,1.811261747,2.078951847,2.017369481,1,2.941896212,2.613864995,5,40
2.036630712,1,1.778383459,1.534818297,1.973484827,1.811261747,-1,2.631240183,2.47482662,5,41
2.055445991,1,1.682069199,1.51955974,1.778383459,1.534818297,-1,2.752032316,2.58675002,5,42
2.507647386,1,1.640591566,1.888588127,1.682069199,1.51955974,1,3.295209011,2.769684767,5,43
2.075728642,1,1.472854883,2.270172496,1.640591566,1.888588127,1,3.234992632,2.621120233,5,44
1.700656425,1,1.21626065,2.279693646,1.472854883,2.270172496,-1,2.419325188,2.034154762,5,45
1.3366482,1,1.051210667,1.953954707,1.21626065,2.279693646,-1,1.819983765,1.679209842,5,46
1.257488534,1,0.967191275,1.457230207,1.051210667,1.953954707,1,1.759215685,1.330745474,5,47
0.954796149,1,0.848729751,0.823911916,0.967191275,1.457230207,1,1.489952375,0.731326628,5,48
0.706296594,1,0.578816439,0.914094405,0.848729751,0.823911916,1,0.543899175,0.476504513,6,1
0.625260758,1,0.481308782,0.797050431,0.578816439,0.914094405,1,0.49915428,0.448681688,6,2
0.446420276,1,0.378673169,0.63381738,0.481308782,0.797050431,-1,0.406584309,0.365518477,6,3
0.383039154,1,0.315828178,0.512241443,0.378673169,0.63381738,-1,0.360325264,0.330698995,6,4
0.376222013,1,0.276738311,0.450171843,0.315828178,0.512241443,1,0.354557361,0.32518531,6,5
0.309137237,1,0.235521752,0.43238075,0.276738311,0.450171843,1,0.310133449,0.282781698,6,6
0.249930052,1,0.198015564,0.412964708,0.235521752,0.43238075,-1,0.245202807,0.221266149,6,7
0.25796038,1,0.180679983,0.40617445,0.198015564,0.412964708,-1,0.219815192,0.196124018,6,8
0.291449382,1,0.178479107,0.411517824,0.180679983,0.40617445,1,0.226789252,0.19757365,6,9
0.299189609,1,0.177799887,0.402532422,0.178479107,0.411517824,1,0.218510059,0.180961073,6,10
0.299409748,1,0.186974297,0.40293849,0.177799887,0.402532422,-1,0.186019656,0.150030169,6,11
0.301512107,1,0.238368704,0.508063444,0.186974297,0.40293849,-1,0.211848788,0.168529815,6,12
0.447446475,1,0.362106094,0.801524338,0.238368704,0.508063444,1,0.413838543,0.335384283,6,13
0.822266719,1,0.558797049,1.338385994,0.362106094,0.801524338,1,0.853950137,0.735673505,6,14
1.223681226,1,0.818016624,2.027984279,0.558797049,1.338385994,-1,1.373574457,1.270523331,6,15
1.739775176,1,1.177351001,2.805590361,0.818016624,2.027984279,-1,2.014271386,1.971337152,6,16
2.49532142,1,1.660063079,3.608377434,1.177351001,2.805590361,1,2.795563669,2.865603172,6,17
2.566096537,1,2.031363935,3.712264076,1.660063079,3.608377434,1,3.044349997,3.115517115,6,18
2.311671522,1,2.191416838,2.99839059,2.031363935,3.712264076,-1,2.707003536,2.784768215,6,19
2.251259633,1,2.294829162,2.296750488,2.191416838,2.99839059,-1,2.517220819,2.537169998,6,20
2.32713801,1,2.387277671,1.808699705,2.294829162,2.296750488,1,2.708221519,2.391864345,6,21
2.249642735,1,2.321033741,1.419764736,2.387277671,1.808699705,1,2.640763492,2.134880316,6,22
1.961882001,1,2.157726961,1.215638859,2.321033741,1.419764736,-1,2.34521522,1.96789665,6,23
2.005215623,1,2.117225405,1.243893333,2.157726961,1.215638859,-1,2.349367446,2.078264575,6,24
2.382182517,1,2.191346257,1.415780948,2.117225405,1.243893333,1,2.615421711,2.424129354,6,25
2.446442144,1,2.20399725,1.526971626,2.191346257,1.415780948,1,2.681782088,2.505443978,6,26
2.410626241,1,2.178191928,1.53909281,2.20399725,1.526971626,-1,2.460554027,2.246599953,6,27
2.459081035,1,2.295797314,1.684914409,2.178191928,1.53909281,-1,2.42215254,2.217732164,6,28
2.578675969,1,2.521487876,1.954821977,2.295797314,1.684914409,1,2.599642573,2.509456184,6,29
2.454027275,1,2.602607958,1.985680733,2.521487876,1.954821977,1,2.565037162,2.541839368,6,30
2.240721434,1,2.51337688,1.75064739,2.602607958,1.985680733,-1,2.428113604,2.396159105,6,31
2.30755457,1,2.479108574,1.564042187,2.51337688,1.75064739,-1,2.602206572,2.465676077,6,32
2.591101536,1,2.49457235,1.524012546,2.479108574,1.564042187,1,3.022491281,2.753241545,6,33
2.39090796,1,2.352742204,1.622890066,2.49457235,1.524012546,1,2.805937561,2.688643353,6,34
1.973198914,1,2.1278594,1.877879942,2.352742204,1.622890066,-1,2.195849135,2.304381549,6,35
2.214913938,1,2.051117679,2.388564771,2.1278594,1.877879942,-1,2.410639883,2.583421914,6,36
2.29941307,1,2.07253704,3.024048611,2.051117679,2.388564771,1,2.549462602,2.726516815,6,37
2.260833454,1,2.006746431,3.117533844,2.07253704,3.024048611,1,2.378246952,2.587417611,6,38
1.907076461,1,1.88016188,2.657249452,2.006746431,3.117533844,-1,2.123852467,2.301974895,6,39
1.87483495,1,1.910562363,2.266460825,1.88016188,2.657249452,-1,2.176804882,2.300423304,6,40
2.400126086,1,2.119146307,2.198743808,1.910562363,2.266460825,1,2.521690987,2.646112139,6,41
2.501039958,1,2.205816558,2.25942887,2.119146307,2.198743808,1,2.697993917,2.835077525,6,42
2.39101871,1,2.059715852,2.171469149,2.205816558,2.25942887,-1,2.479405332,2.567576949,6,43
2.40379365,1,1.885443862,2.034400338,2.059715852,2.171469149,-1,2.367979708,2.322096,6,44
2.106421726,1,1.697459725,2.009081981,1.885443862,2.034400338,1,2.228039333,2.079389005,6,45
1.619635057,1,1.366745961,1.825766426,1.697459725,2.009081981,1,1.701792051,1.554417499,6,46
1.076242493,1,0.989269326,1.559773528,1.366745961,1.825766426,-1,1.085789719,1.006456316,6,47
0.762808932,1,0.675557067,1.373992897,0.989269326,1.559773528,-1,0.722817059,0.705043587,6,48
0.648998654,1,0.511406855,1.067075515,0.675557067,1.373992897,-1,0.526322753,0.410024272,7,1
0.598989442,1,0.430243488,0.863721211,0.511406855,1.067075515,-1,0.468995507,0.390871315,7,2
0.569112469,1,0.374266402,0.827753588,0.430243488,0.863721211,1,0.461103591,0.391588166,7,3
0.438230458,1,0.309462531,0.7244289,0.374266402,0.827753588,1,0.408489986,0.345770108,7,4
0.327872538,1,0.246017888,0.580272621,0.309462531,0.7244289,-1,0.323615139,0.279554455,7,5
0.280810261,1,0.207698745,0.484067101,0.246017888,0.580272621,-1,0.284240007,0.248224336,7,6
0.287553625,1,0.186267184,0.443526016,0.207698745,0.484067101,1,0.270174197,0.246259061,7,7
0.28935487,1,0.160737842,0.409771506,0.186267184,0.443526016,1,0.235899229,0.220968314,7,8
0.257319439,1,0.13813008,0.389973269,0.160737842,0.409771506,-1,0.194407144,0.179397012,7,9
0.273102571,1,0.138772967,0.412397003,0.13813008,0.389973269,-1,0.178358251,0.15895972,7,10
0.327362122,1,0.175935514,0.480372566,0.138772967,0.412397003,1,0.196474673,0.152522255,7,11
0.351763431,1,0.257495569,0.57923606,0.175935514,0.480372566,1,0.240852101,0.176282927,7,12
0.424941789,1,0.393400743,0.801486158,0.257495569,0.57923606,-1,0.377853134,0.304447839,7,13
0.783739058,1,0.634139217,1.28827152,0.393400743,0.801486158,-1,0.783439826,0.669607834,7,14
1.683543152,1,1.023548964,2.068999908,0.634139217,1.28827152,1,1.601775141,1.410218087,7,15
2.552206771,1,1.432039842,2.792179161,1.023548964,2.068999908,1,2.416007339,2.180700644,7,16
2.679477254,1,1.752142043,3.180477687,1.432039842,2.792179161,-1,2.77892052,2.552406432,7,17
2.682578948,1,2.053483578,3.183136574,1.752142043,3.180477687,-1,3.010710129,2.860574668,7,18
2.759339321,1,2.32759598,2.891286657,2.053483578,3.183136574,1,3.198166437,3.122591427,7,19
2.512232614,1,2.354648862,2.390830463,2.32759598,2.891286657,1,2.87126932,2.784397601,7,20
2.039702016,1,2.192007924,1.92485748,2.354648862,2.390830463,-1,2.29864019,2.157142211,7,21
1.900178415,1,2.120228158,1.680726069,2.192007924,1.92485748,-1,2.145600203,1.928539639,7,22
2.260586681,1,2.170916152,1.681641272,2.120228158,1.680726069,1,2.345065101,2.103849145,7,23
2.399937121,1,2.165284274,1.695657077,2.170916152,1.681641272,1,2.379278362,2.19524429,7,24
2.185688475,1,2.077887063,1.693335206,2.165284274,1.695657077,-1,2.171601154,2.117002116,7,25
2.23110113,1,2.090915043,1.828569192,2.077887063,1.693335206,-1,2.103080036,2.245087536,7,26
2.714378604,1,2.192202954,2.03722567,2.090915043,1.828569192,1,2.401305039,2.593003951,7,27
2.708265468,1,2.19468958,2.100879215,2.192202954,2.03722567,1,2.576494868,2.577613431,7,28
2.215018257,1,2.137176704,2.041039298,2.19468958,2.100879215,-1,2.389981472,2.246580273,7,29
2.092584147,1,2.233151845,2.080417681,2.137176704,2.041039298,-1,2.412287367,2.218189453,7,30
2.377841859,1,2.47060185,2.207571421,2.233151845,2.080417681,1,2.694607328,2.529294897,7,31
2.615373531,1,2.596841105,2.242890282,2.47060185,2.207571421,1,2.7220841,2.695802254,7,32
2.535055136,1,2.56325555,2.22546109,2.596841105,2.242890282,-1,2.468716196,2.565158045,7,33
2.657056798,1,2.594584367,2.396646837,2.56325555,2.22546109,-1,2.52099099,2.622064751,7,34
3.068460172,1,2.703311188,2.746059943,2.594584367,2.396646837,1,2.981881231,3.027078714,7,35
2.904203872,1,2.647819362,2.823671991,2.703311188,2.746059943,1,3.032109365,3.102163028,7,36
2.397074392,1,2.439974204,2.63892987,2.647819362,2.823671991,-1,2.666889865,2.767468207,7,37
2.22350175,1,2.353866441,2.439377609,2.439974204,2.63892987,-1,2.518697672,2.572949214,7,38
2.35269317,1,2.415817578,2.259471632,2.353866441,2.439377609,1,2.591297869,2.593198567,7,39
2.283967843,1,2.389003919,2.087308035,2.415817578,2.259471632,1,2.474405074,2.544850286,7,40
2.132279476,1,2.275665077,1.976207199,2.389003919,2.087308035,-1,2.27248647,2.446952223,7,41
2.231300075,1,2.263555769,2.042065734,2.275665077,1.976207199,-1,2.38909096,2.735215782,7,42
2.784593443,1,2.309127823,2.298709047,2.263555769,2.042065734,1,2.673013591,3.037963036,7,43
2.577018352,1,2.15814384,2.314574996,2.309127823,2.298709047,1,2.514905817,2.624320515,7,44
1.782690932,1,1.825893834,2.048578073,2.15814384,2.314574996,-1,1.933607916,1.903528431,7,45
1.350169912,1,1.514151172,1.765790536,1.825893834,2.048578073,-1,1.483152797,1.38502421,7,46
1.221807978,1,1.224789007,1.55682638,1.514151172,1.765790536,1,1.125881742,1.082889238,7,47
0.955474839,1,0.843226066,1.333668808,1.224789007,1.55682638,1,0.769567813,0.829489978,7,48
0.724052952,1,0.475818938,0.855902015,0.843226066,1.333668808,1,0.564132268,0.466092765,8,1
0.632861188,1,0.424702065,0.775874823,0.475818938,0.855902015,1,0.518708184,0.429630332,8,2
0.459426766,1,0.35092484,0.63931746,0.424702065,0.775874823,-1,0.418974048,0.356176817,8,3
0.383729146,1,0.297272293,0.543783624,0.35092484,0.63931746,-1,0.366306824,0.320048877,8,4
0.358268775,1,0.25970914,0.499449659,0.297272293,0.543783624,1,0.352186433,0.309308268,8,5
0.29742303,1,0.213434193,0.451686158,0.25970914,0.499449659,1,0.309449173,0.273650634,8,6
0.252927405,1,0.166794741,0.403891737,0.213434193,0.451686158,-1,0.254652325,0.226191561,8,7
0.254733605,1,0.138501574,0.390736038,0.166794741,0.403891737,-1,0.235715828,0.20409844,8,8
0.281515681,1,0.127791538,0.402258821,0.138501574,0.390736038,1,0.235466116,0.19863447,8,9
0.291262889,1,0.130629117,0.404998391,0.127791538,0.402258821,1,0.213550849,0.172635606,8,10
0.287663239,1,0.161461386,0.403966233,0.130629117,0.404998391,-1,0.181146479,0.138693283,8,11
0.313372489,1,0.256017631,0.50533589,0.161461386,0.403966233,-1,0.217731799,0.158922406,8,12
0.451134515,1,0.455673597,0.829166082,0.256017631,0.50533589,1,0.437933503,0.32350048,8,13
0.889124398,1,0.749394522,1.383171787,0.455673597,0.829166082,1,0.89905742,0.723138005,8,14
1.573602095,1,1.08783185,2.005921303,0.749394522,1.383171787,-1,1.481418195,1.310165649,8,15
2.309850022,1,1.502010915,2.656681484,1.08783185,2.005921303,-1,2.169667867,2.087669086,8,16
3.149270459,1,1.978032919,3.231999502,1.502010915,2.656681484,1,2.921067955,2.960452303,8,17
3.081482109,1,2.267443841,3.300741364,1.978032919,3.231999502,1,3.088363964,3.221675315,8,18
2.42184,1,2.305455074,2.866396934,2.267443841,3.300741364,-1,2.709438615,2.831586068,8,19
2.263550268,1,2.342554954,2.363130788,2.305455074,2.866396934,-1,2.50761336,2.51132285,8,20
2.466121686,1,2.431864733,1.963851053,2.342554954,2.363130788,1,2.566111822,2.45702705,8,21
2.312155608,1,2.38340023,1.617432616,2.431864733,1.963851053,1,2.459222227,2.254576488,8,22
1.986424144,1,2.243310407,1.408387716,2.38340023,1.617432616,-1,2.177296646,2.036152046,8,23
2.066058183,1,2.25149493,1.407591063,2.243310407,1.408387716,-1,2.193936521,2.11761128,8,24
2.534224228,1,2.380539074,1.581535707,2.25149493,1.407591063,1,2.480098314,2.432739506,8,25
2.635795757,1,2.382330649,1.742106264,2.380539074,1.581535707,1,2.518302773,2.505326299,8,26
2.381043535,1,2.269445761,1.824544895,2.382330649,1.742106264,-1,2.325182482,2.302602708,8,27
2.344236067,1,2.281184134,1.924342333,2.269445761,1.824544895,-1,2.343802522,2.283431777,8,28
2.598750609,1,2.434135115,2.055217765,2.281184134,1.924342333,1,2.588231065,2.426679636,8,29
2.559097311,1,2.505363989,2.110162555,2.434135115,2.055217765,1,2.595676571,2.366955632,8,30
2.271186735,1,2.48331228,2.146277943,2.505363989,2.110162555,-1,2.403635256,2.201085227,8,31
2.450932243,1,2.610474509,2.318072768,2.48331228,2.146277943,-1,2.499583069,2.324094388,8,32
3.058245122,1,2.873604844,2.631375398,2.610474509,2.318072768,1,2.940195661,2.741439403,8,33
3.259113154,1,2.981602082,2.852377784,2.873604844,2.631375398,1,3.099143653,2.962287818,8,34
2.955527474,1,2.907295566,2.936830572,2.981602082,2.852377784,-1,2.836831786,2.81151944,8,35
2.876975626,1,2.914369227,3.095982463,2.907295566,2.936830572,-1,2.851769104,2.854295882,8,36
3.008238413,1,2.980228498,3.183610692,2.914369227,3.095982463,1,3.070250792,3.016145106,8,37
2.714167496,1,2.832961317,2.863564874,2.980228498,3.183610692,1,2.820986786,2.741307464,8,38
2.118263106,1,2.529998368,2.443653259,2.832961317,2.863564874,-1,2.327535248,2.276405721,8,39
2.012593998,1,2.378472216,2.390793057,2.529998368,2.443653259,-1,2.248069892,2.255986421,8,40
2.492907888,1,2.414993116,2.609859257,2.378472216,2.390793057,1,2.642249951,2.706856463,8,41
2.863703212,1,2.376130015,2.73349624,2.414993116,2.609859257,1,2.844663131,2.901463611,8,42
2.665446628,1,2.199136418,2.663075848,2.376130015,2.73349624,-1,2.601792656,2.639054358,8,43
2.323144018,1,2.072295633,2.499113001,2.199136418,2.663075848,-1,2.371260527,2.381105441,8,44
2.10223513,1,1.958261249,2.279646588,2.072295633,2.499113001,1,2.158712383,2.097144421,8,45
1.720203289,1,1.644694215,1.866486804,1.958261249,2.279646588,1,1.648902985,1.536760441,8,46
1.176271927,1,1.214503549,1.463330588,1.644694215,1.866486804,-1,1.081122646,1.005462755,8,47
0.865013099,1,0.841504841,1.222914402,1.214503549,1.463330588,-1,0.720107231,0.652080501,8,48
0.805765029,1,0.491945876,1.019784158,0.841504841,1.222914402,-1,0.418678283,0.507586245,9,1
0.636899403,1,0.424095764,0.841528591,0.491945876,1.019784158,-1,0.426668415,0.479098013,9,2
0.60601787,1,0.375732299,0.755400822,0.424095764,0.841528591,1,0.438991899,0.459339634,9,3
0.435257303,1,0.312454089,0.640635823,0.375732299,0.755400822,1,0.41327443,0.39205882,9,4
0.391681413,1,0.246538325,0.520364117,0.312454089,0.640635823,-1,0.344532293,0.288216361,9,5
0.304565721,1,0.20503003,0.451354218,0.246538325,0.520364117,-1,0.286306748,0.228124222,9,6
0.213634565,1,0.180500378,0.431258949,0.20503003,0.451354218,1,0.258907065,0.235398957,9,7
0.230770056,1,0.153706665,0.416550867,0.180500378,0.431258949,1,0.213217076,0.225131662,9,8
0.251859262,1,0.131120091,0.396097005,0.153706665,0.416550867,-1,0.197182704,0.171759104,9,9
0.241665595,1,0.133128626,0.403420262,0.131120091,0.396097005,-1,0.216364983,0.135870738,9,10
0.247378494,1,0.174244642,0.451274074,0.133128626,0.403420262,1,0.271036762,0.132657811,9,11
0.322086296,1,0.263076248,0.55492358,0.174244642,0.451274074,1,0.282020407,0.174892905,9,12
0.381959037,1,0.412132763,0.793577391,0.263076248,0.55492358,-1,0.314297002,0.329690385,9,13
0.862146178,1,0.673589841,1.30945699,0.412132763,0.793577391,-1,0.443357077,0.720987865,9,14
2.221178661,1,1.090776193,2.125865556,0.673589841,1.30945699,1,0.646939305,1.445820846,9,15
3.674056272,1,1.53233179,2.869411308,1.090776193,2.125865556,1,0.678988073,1.994924273,9,16
3.765488939,1,1.869117864,3.193400274,1.53233179,2.869411308,-1,0.565172894,1.944517022,9,17
3.535645744,1,2.182989487,3.203606209,1.869117864,3.193400274,-1,0.660412572,1.756428601,9,18
2.748964844,1,2.481355794,2.974402562,2.182989487,3.203606209,1,1.243097776,1.594543187,9,19
2.28786337,1,2.523812818,2.449003155,2.481355794,2.974402562,1,1.72606048,1.741990318,9,20
2.21673715,1,2.343795999,1.909616878,2.523812818,2.449003155,-1,1.807144707,2.06915358,9,21
1.820198973,1,2.251652063,1.63614172,2.343795999,1.909616878,-1,2.077068384,2.269308599,9,22
1.674008316,1,2.295434963,1.603747476,2.251652063,1.63614172,1,2.53049723,2.367123763,9,23
1.722996553,1,2.277650179,1.60493607,2.295434963,1.603747476,1,2.628534961,2.392564692,9,24
1.90117082,1,2.191149685,1.591080818,2.277650179,1.60493607,-1,2.421559015,2.303536573,9,25
2.344219526,1,2.232190383,1.683095372,2.191149685,1.591080818,-1,2.480895743,2.343498683,9,26
2.597932681,1,2.391171202,1.871944149,2.232190383,1.683095372,1,2.755696826,2.556263427,9,27
2.216934964,1,2.433215838,1.955081209,2.391171202,1.871944149,1,2.643073942,2.449856249,9,28
1.996821915,1,2.35489733,1.910348275,2.433215838,1.955081209,-1,2.097868125,2.319500326,9,29
1.928248603,1,2.402696565,1.951664055,2.35489733,1.910348275,-1,2.037630581,2.404644367,9,30
1.808988774,1,2.593987481,2.130071594,2.402696565,1.951664055,1,2.530347155,2.53783097,9,31
2.125019302,1,2.682596408,2.268526021,2.593987481,2.130071594,1,2.913914763,2.749564591,9,32
2.316492665,1,2.635585673,2.339864459,2.682596408,2.268526021,-1,2.893703679,2.904287125,9,33
2.708074064,1,2.695367849,2.553681318,2.635585673,2.339864459,-1,3.017189455,2.971138501,9,34
3.065099381,1,2.859423057,2.906450971,2.695367849,2.553681318,1,3.118105728,3.012043657,9,35
3.391198377,1,2.838582001,3.033189618,2.859423057,2.906450971,1,3.056914966,3.23843168,9,36
3.260707772,1,2.630342286,2.825898673,2.838582001,3.033189618,-1,2.237019103,3.054944612,9,37
2.714519755,1,2.518036023,2.587094656,2.630342286,2.825898673,-1,1.698448129,2.798902688,9,38
2.975581551,1,2.52394498,2.46868261,2.518036023,2.587094656,1,1.726815514,2.483721875,9,39
3.095325672,1,2.43355283,2.385801666,2.52394498,2.46868261,1,2.099268015,2.278364362,9,40
2.206825357,1,2.279275898,2.331203804,2.43355283,2.385801666,-1,2.365305257,2.585554118,9,41
1.881241726,1,2.255668805,2.435044578,2.279275898,2.331203804,-1,2.582714191,3.158129638,9,42
2.352339125,1,2.309695374,2.644557956,2.255668805,2.435044578,1,3.054626296,3.57894415,9,43
2.555447874,1,2.175010354,2.576262372,2.309695374,2.644557956,1,2.96280117,2.90825486,9,44
2.399160227,1,1.851961552,2.22068486,2.175010354,2.576262372,-1,2.241817385,2.087552064,9,45
1.687340375,1,1.547736917,1.878952508,1.851961552,2.22068486,-1,1.732750223,1.671308922,9,46
1.463641174,1,1.26451785,1.595916825,1.547736917,1.878952508,1,1.208766615,1.205190616,9,47
1.219802965,1,0.889715742,1.244178513,1.26451785,1.595916825,1,0.494594788,0.878338231,9,48
0.71910211,1,0.553557296,0.852929372,0.889715742,1.244178513,1,0.532161355,0.461058541,10,1
0.615731899,1,0.461709858,0.829909621,0.553557296,0.852929372,1,0.510713239,0.442250685,10,2
0.458708993,1,0.350868052,0.632386925,0.461709858,0.829909621,-1,0.417567317,0.36664957,10,3
0.388134962,1,0.275620715,0.501733434,0.350868052,0.632386925,-1,0.363490494,0.335080784,10,4
0.358827055,1,0.225725105,0.416571961,0.275620715,0.501733434,1,0.346547021,0.317744154,10,5
0.308270984,1,0.176615894,0.342938966,0.225725105,0.416571961,1,0.306118976,0.275766944,10,6
0.242707505,1,0.135181954,0.266865158,0.176615894,0.342938966,-1,0.258174391,0.221593133,10,7
0.225180912,1,0.118609102,0.242245717,0.135181954,0.266865158,-1,0.257224574,0.204550087,10,8
0.277131721,1,0.125149861,0.284373386,0.118609102,0.242245717,1,0.257811824,0.202631742,10,9
0.294761577,1,0.155849104,0.312774449,0.125149861,0.284373386,1,0.229789694,0.180059981,10,10
0.284124068,1,0.229976957,0.285479062,0.155849104,0.312774449,-1,0.187929218,0.156737806,10,11
0.347466117,1,0.391264068,0.270128425,0.229976957,0.285479062,-1,0.204479548,0.178065947,10,12
0.44041613,1,0.690202477,0.344474665,0.391264068,0.270128425,1,0.391105864,0.324968058,10,13
0.855322925,1,1.103440871,0.617033633,0.690202477,0.344474665,1,0.788402387,0.709893497,10,14
1.619716614,1,1.563610731,1.051660571,1.103440871,0.617033633,-1,1.397709095,1.390842747,10,15
2.615807473,1,2.125525645,1.62891964,1.563610731,1.051660571,-1,2.035451676,2.358182592,10,16
3.868723747,1,2.791405317,2.136175188,2.125525645,1.62891964,1,2.636212614,3.238288958,10,17
3.797934006,1,3.185986868,2.252205667,2.791405317,2.136175188,1,2.694144464,3.342968392,10,18
2.840572925,1,3.202688788,1.985280278,3.185986868,2.252205667,-1,2.497176198,2.903871402,10,19
2.351092211,1,3.173836903,1.78007667,3.202688788,1.985280278,-1,2.631185541,2.605962,10,20
2.371161043,1,3.202781026,1.796212125,3.173836903,1.78007667,1,2.843918478,2.500645206,10,21
2.540748969,1,3.103563835,1.757046599,3.202781026,1.796212125,1,2.584996324,2.338472898,10,22
2.301245657,1,2.986769832,1.551995752,3.103563835,1.757046599,-1,2.322956498,2.045353555,10,23
2.34761621,1,3.112338063,1.364760663,2.986769832,1.551995752,-1,2.372696437,2.127907313,10,24
2.94863596,1,3.424991141,1.408422215,3.112338063,1.364760663,1,2.718320212,2.62691856,10,25
3.179359379,1,3.598261509,1.443105877,3.424991141,1.408422215,1,2.891527208,2.801863977,10,26
2.739875061,1,3.576189909,1.524367503,3.598261509,1.443105877,-1,2.67268725,2.522244488,10,27
2.606923087,1,3.636503046,1.66797255,3.576189909,1.524367503,-1,2.562573094,2.465021848,10,28
2.847866454,1,3.764302435,1.902884417,3.636503046,1.66797255,1,2.538776818,2.527146679,10,29
2.784848927,1,3.662770143,2.180061966,3.764302435,1.902884417,1,2.416352961,2.433746148,10,30
2.476245515,1,3.433854203,2.459674165,3.662770143,2.180061966,-1,2.361385329,2.304682698,10,31
2.778439096,1,3.478354206,2.936009414,3.433854203,2.459674165,-1,2.615873139,2.396496478,10,32
3.532560288,1,3.779252958,3.661249729,3.478354206,2.936009414,1,3.245819289,2.860217673,10,33
4.116953913,1,3.914803822,4.112017041,3.779252958,3.661249729,1,3.672291102,3.367783505,10,34
3.798265552,1,3.826986953,3.823824046,3.914803822,4.112017041,-1,3.36847141,3.241740701,10,35
3.536686541,1,3.855233658,3.460348849,3.826986953,3.823824046,-1,3.219691706,3.209314494,10,36
3.537136226,1,3.971170204,3.237996078,3.855233658,3.460348849,1,3.337447035,3.441852973,10,37
2.929521924,1,3.79233074,2.754797228,3.971170204,3.237996078,1,2.909330713,3.033065722,10,38
2.208962782,1,3.391629385,2.215910321,3.79233074,2.754797228,-1,2.325169353,2.454972106,10,39
2.212423176,1,3.144291468,2.090212541,3.391629385,2.215910321,-1,2.209247148,2.352053642,10,40
2.655054464,1,3.08941808,2.229621878,3.144291468,2.090212541,1,2.606447404,2.745849792,10,41
2.753276838,1,2.927957455,2.246449566,3.08941808,2.229621878,1,2.760388408,3.066284883,10,42
2.581216076,1,2.665418018,1.979106019,2.927957455,2.246449566,-1,2.420388895,2.791399598,10,43
2.432032977,1,2.522767875,1.528083267,2.665418018,1.979106019,-1,2.297701135,2.393293564,10,44
2.045887601,1,2.436121864,1.203893671,2.522767875,1.528083267,1,2.313080614,2.073310754,10,45
1.613894433,1,2.090279684,1.063834357,2.436121864,1.203893671,1,1.937001426,1.469950138,10,46
1.275717412,1,1.6103528,0.981405965,2.090279684,1.063834357,-1,1.148672488,0.917910534,10,47
0.936657843,1,1.218607065,1.106511619,1.6103528,0.981405965,-1,0.569756398,0.675221164,10,48
0.642436988,1,0.463237557,0.907715297,1.218607065,1.106511619,-1,0.503997418,0.429878205,11,1
0.564651208,1,0.410367528,0.842825993,0.463237557,0.907715297,-1,0.468304111,0.399426932,11,2
0.5135095,1,0.364330545,0.798205345,0.410367528,0.842825993,1,0.458505408,0.398387218,11,3
0.410672898,1,0.295799782,0.676340289,0.364330545,0.798205345,1,0.405689664,0.355541355,11,4
0.31690279,1,0.225605737,0.536105386,0.295799782,0.676340289,-1,0.321531493,0.283532342,11,5
0.269635748,1,0.181776223,0.464866314,0.225605737,0.536105386,-1,0.286240831,0.24726426,11,6
0.275911835,1,0.153905433,0.464334035,0.181776223,0.464866314,1,0.28924885,0.24626243,11,7
0.278709415,1,0.125777602,0.463101586,0.153905433,0.464334035,1,0.255572493,0.219074439,11,8
0.256231198,1,0.105738121,0.436805941,0.125777602,0.463101586,-1,0.215159421,0.177942569,11,9
0.269835088,1,0.112177018,0.41383453,0.105738121,0.436805941,-1,0.198190584,0.15848302,11,10
0.31545035,1,0.162337002,0.423858378,0.112177018,0.41383453,1,0.205854534,0.160936345,11,11
0.35213677,1,0.269805274,0.51878715,0.162337002,0.423858378,1,0.247527187,0.188553815,11,12
0.415408099,1,0.446102054,0.780791486,0.269805274,0.51878715,-1,0.393698168,0.309998595,11,13
0.797444913,1,0.751145123,1.358315873,0.446102054,0.780791486,-1,0.800251767,0.667703982,11,14
1.903066802,1,1.243234181,2.333370298,0.751145123,1.358315873,1,1.614205932,1.440406667,11,15
3.140715561,1,1.763930979,3.297204384,1.243234181,2.333370298,1,2.402328272,2.253817525,11,16
3.164942701,1,2.160086081,3.767310372,1.763930979,3.297204384,-1,2.646384369,2.558249325,11,17
3.072163317,1,2.51400115,3.732816142,2.160086081,3.767310372,-1,2.810824395,2.73754972,11,18
3.146081931,1,2.844443113,3.384656069,2.51400115,3.732816142,1,3.02633214,2.920390359,11,19
2.799292577,1,2.89137477,2.784362456,2.844443113,3.384656069,1,2.817272518,2.71143972,11,20
2.361751881,1,2.700090699,2.243565878,2.89137477,2.784362456,-1,2.265056705,2.264825374,11,21
2.209295936,1,2.615921252,2.008202063,2.700090699,2.243565878,-1,2.168826033,2.084267632,11,22
2.593318169,1,2.671976598,2.00157177,2.615921252,2.008202063,1,2.400363359,2.283496635,11,23
2.684211929,1,2.630012201,1.985223899,2.671976598,2.00157177,1,2.397457169,2.428449783,11,24
2.386672507,1,2.498837621,1.883136068,2.630012201,1.985223899,-1,2.195918798,2.331093196,11,25
2.427151484,1,2.50840657,1.893400821,2.498837621,1.883136068,-1,2.234153011,2.369806849,11,26
2.754408067,1,2.668428895,2.058943061,2.50840657,1.893400821,1,2.589091224,2.646679596,11,27
2.721453742,1,2.730260935,2.119610836,2.668428895,2.058943061,1,2.655303317,2.620929773,11,28
2.365033761,1,2.696392692,2.047944268,2.730260935,2.119610836,-1,2.318005405,2.258140877,11,29
2.347844867,1,2.84188497,2.152083801,2.696392692,2.047944268,-1,2.273524416,2.193517239,11,30
2.713446288,1,3.179445278,2.448299191,2.84188497,2.152083801,1,2.582716793,2.453736194,11,31
2.97135588,1,3.391865758,2.574678026,3.179445278,2.448299191,1,2.802993946,2.61903887,11,32
2.828380431,1,3.405403156,2.588833185,3.391865758,2.574678026,-1,2.770954547,2.560899575,11,33
3.082427513,1,3.510735245,2.882737932,3.405403156,2.588833185,-1,2.954604373,2.783998756,11,34
3.805312889,1,3.68596097,3.430096273,3.510735245,2.882737932,1,3.397091102,3.328953122,11,35
3.74933273,1,3.587736629,3.635595023,3.68596097,3.430096273,1,3.474170926,3.45524521,11,36
2.911655762,1,3.257516307,3.360773309,3.587736629,3.635595023,-1,2.867845731,2.871282786,11,37
2.567870982,1,3.055727485,3.071673155,3.257516307,3.360773309,-1,2.580090209,2.576317827,11,38
2.65148899,1,3.002001181,2.856152359,3.055727485,3.071673155,1,2.600887634,2.579831056,11,39
2.470545886,1,2.841716735,2.673344979,3.002001181,2.856152359,1,2.545289786,2.558616873,11,40
2.312506466,1,2.626570705,2.588889234,2.841716735,2.673344979,-1,2.42151386,2.483601583,11,41
2.595764883,1,2.564689798,2.772569553,2.626570705,2.588889234,-1,2.576052738,2.642265593,11,42
3.067410894,1,2.56792986,3.037863708,2.564689798,2.772569553,1,2.903340503,2.873601434,11,43
2.635131013,1,2.340459539,2.87877818,2.56792986,3.037863708,1,2.636385647,2.555884066,11,44
1.931013506,1,1.921448791,2.39698545,2.340459539,2.87877818,-1,1.970867313,1.870607374,11,45
1.529765012,1,1.536174215,1.929438325,1.921448791,2.39698545,-1,1.507234811,1.401111437,11,46
1.297692533,1,1.187890768,1.580274023,1.536174215,1.929438325,1,1.174205424,1.115108598,11,47
0.910075278,1,0.766112709,1.236652557,1.187890768,1.580274023,1,0.791657794,0.781284986,11,48
0.690383303,1,0.53405823,1.016477419,0.766112709,1.236652557,1,0.515580406,0.500150201,12,1
0.613892628,1,0.46184535,0.856645565,0.53405823,1.016477419,1,0.506890587,0.47559875,12,2
0.432011832,1,0.37472971,0.682305246,0.46184535,0.856645565,-1,0.430841925,0.382682283,12,3
0.358647612,1,0.314619923,0.56293881,0.37472971,0.682305246,-1,0.387691391,0.335839435,12,4
0.348286836,1,0.27412569,0.503826079,0.314619923,0.56293881,1,0.379536132,0.325629227,12,5
0.293140519,1,0.225341383,0.438302517,0.27412569,0.503826079,1,0.325401954,0.281272782,12,6
0.23797265,1,0.177013519,0.385047044,0.225341383,0.438302517,-1,0.253223865,0.217946261,12,7
0.248339883,1,0.150750444,0.388403588,0.177013519,0.385047044,-1,0.227567769,0.19800029,12,8
0.292318184,1,0.144160574,0.429966609,0.150750444,0.388403588,1,0.217924002,0.198924687,12,9
0.30024099,1,0.148778565,0.454019453,0.144160574,0.429966609,1,0.194994309,0.179873699,12,10
0.30606563,1,0.178712462,0.471516572,0.148778565,0.454019453,-1,0.171228513,0.145196877,12,11
0.332535404,1,0.273329684,0.583564788,0.178712462,0.471516572,-1,0.197762582,0.161875177,12,12
0.510670121,1,0.477764068,0.928875662,0.273329684,0.583564788,1,0.371135612,0.309518813,12,13
1.000775519,1,0.784310144,1.503105931,0.477764068,0.928875662,1,0.750679404,0.687228264,12,14
1.674583544,1,1.146644226,2.103979629,0.784310144,1.503105931,-1,1.276412949,1.328961677,12,15
2.420550585,1,1.604540229,2.764105519,1.146644226,2.103979629,-1,1.98785688,2.302340175,12,16
3.23955986,1,2.138739767,3.442426046,1.604540229,2.764105519,1,2.75852045,3.360499028,12,17
3.255736831,1,2.473950466,3.490629324,2.138739767,3.442426046,1,2.932160947,3.625491498,12,18
2.641603474,1,2.535627729,2.917522438,2.473950466,3.490629324,-1,2.57357038,3.098042193,12,19
2.335007751,1,2.590655342,2.347076563,2.535627729,2.917522438,-1,2.37684525,2.713175058,12,20
2.244755692,1,2.691462215,1.908610344,2.590655342,2.347076563,1,2.489616775,2.496282883,12,21
2.155445214,1,2.628987289,1.612787819,2.691462215,1.908610344,1,2.341066899,2.215809514,12,22
2.096758251,1,2.467615407,1.497603722,2.628987289,1.612787819,-1,2.093788414,1.996319095,12,23
2.339039418,1,2.465236836,1.58307386,2.467615407,1.497603722,-1,2.136867317,2.1031335,12,24
2.70654916,1,2.607746374,1.7790193,2.465236836,1.58307386,1,2.357688188,2.531652552,12,25
2.892217117,1,2.640723139,1.947718901,2.607746374,1.7790193,1,2.316853629,2.568597402,12,26
2.771974018,1,2.55343375,1.994582966,2.640723139,1.947718901,-1,2.243988663,2.364973175,12,27
2.822998544,1,2.58103003,2.082009874,2.55343375,1.994582966,-1,2.362231425,2.411476568,12,28
2.946149118,1,2.733079518,2.21270826,2.58103003,2.082009874,1,2.536422042,2.472322043,12,29
2.686728634,1,2.767816208,2.195561014,2.733079518,2.21270826,1,2.504311088,2.405567523,12,30
2.266947535,1,2.667907126,2.095404976,2.767816208,2.195561014,-1,2.333285464,2.313020191,12,31
2.378928035,1,2.696922694,2.170074125,2.667907126,2.095404976,-1,2.432962004,2.406196655,12,32
2.933968523,1,2.858594002,2.408155452,2.696922694,2.170074125,1,2.85490296,2.695385497,12,33
3.06215011,1,2.901344991,2.602034321,2.858594002,2.408155452,1,2.981131739,2.835363941,12,34
2.802094562,1,2.811240544,2.756344605,2.901344991,2.602034321,-1,2.727637514,2.723498912,12,35
2.914333131,1,2.821836124,3.016777476,2.811240544,2.756344605,-1,2.876290134,2.949003992,12,36
3.073709332,1,2.920725502,3.194616037,2.821836124,3.016777476,1,3.081536124,3.140087065,12,37
2.793388444,1,2.830983242,2.939291893,2.920725502,3.194616037,1,2.832734253,2.853354492,12,38
2.319918941,1,2.588968493,2.502182926,2.830983242,2.939291893,-1,2.327682487,2.329717739,12,39
2.215259279,1,2.507244015,2.364916869,2.588968493,2.502182926,-1,2.213729324,2.327660332,12,40
2.513553089,1,2.586656001,2.576184665,2.507244015,2.364916869,1,2.626632794,2.920049188,12,41
2.692194565,1,2.529925124,2.794252156,2.586656001,2.576184665,1,2.909015458,3.187196379,12,42
2.469532188,1,2.297093352,2.701491049,2.529925124,2.794252156,-1,2.710334926,2.762248168,12,43
2.181608148,1,2.09808516,2.523648301,2.297093352,2.701491049,-1,2.517399868,2.312913716,12,44
2.128471062,1,1.921942828,2.334081798,2.09808516,2.523648301,1,2.281380449,1.916108244,12,45
1.791826907,1,1.584257562,1.985459652,1.921942828,2.334081798,1,1.668077778,1.43235348,12,46
1.264915516,1,1.159091576,1.555842026,1.584257562,1.985459652,-1,1.017156054,1.04453182,12,47
0.956930943,1,0.797686236,1.241308855,1.159091576,1.555842026,-1,0.62710451,0.822668634,12,48
0.664817464,1,0.508626886,0.968073732,0.797686236,1.241308855,-1,0.540172676,0.417686724,13,1
0.561297569,1,0.446146198,0.814642362,0.508626886,0.968073732,-1,0.460576935,0.394394409,13,2
0.527949275,1,0.407489916,0.693808145,0.446146198,0.814642362,1,0.429743292,0.398946744,13,3
0.433260591,1,0.348394501,0.547983836,0.407489916,0.693808145,1,0.37502103,0.357199644,13,4
0.335012017,1,0.277394105,0.44248827,0.348394501,0.547983836,-1,0.305040471,0.289585523,13,5
0.286973694,1,0.225799313,0.379841617,0.277394105,0.44248827,-1,0.271935351,0.252009286,13,6
0.289222692,1,0.192003587,0.370088283,0.225799313,0.379841617,1,0.273480382,0.24253841,13,7
0.285026382,1,0.163531211,0.399752761,0.192003587,0.370088283,1,0.256325513,0.218431386,13,8
0.261408021,1,0.145031021,0.434062911,0.163531211,0.399752761,-1,0.216855664,0.177228874,13,9
0.276570257,1,0.153138494,0.478213493,0.145031021,0.434062911,-1,0.203782854,0.157791575,13,10
0.337021061,1,0.206208912,0.561949157,0.153138494,0.478213493,1,0.232392415,0.156532397,13,11
0.359492711,1,0.320429065,0.704487284,0.206208912,0.561949157,1,0.293078259,0.184859488,13,12
0.400867088,1,0.51540211,1.033911068,0.320429065,0.704487284,-1,0.443296758,0.316480283,13,13
0.813655873,1,0.850308979,1.640363667,0.51540211,1.033911068,-1,0.859393999,0.682331213,13,14
2.011335401,1,1.36336374,2.380428356,0.850308979,1.640363667,1,1.683970814,1.451704255,13,15
3.272118985,1,1.899189164,3.016579405,1.36336374,2.380428356,1,2.456161514,2.249586098,13,16
3.324606678,1,2.271764311,3.470325152,1.899189164,3.016579405,-1,2.651878442,2.487972877,13,17
3.168573267,1,2.600259241,3.557023192,2.271764311,3.470325152,-1,2.807537708,2.606574068,13,18
3.17344967,1,2.92451533,3.22371196,2.600259241,3.557023192,1,3.044846029,2.81839666,13,19
2.781840233,1,3.014315954,2.496395436,2.92451533,3.22371196,1,2.910803271,2.682777857,13,20
2.116915476,1,2.900286926,1.681048614,3.014315954,2.496395436,-1,2.562063627,2.208017059,13,21
2.178125695,1,2.895669098,1.38394621,2.900286926,1.681048614,-1,2.394034493,2.044914184,13,22
2.518860615,1,3.051989577,1.519212033,2.895669098,1.38394621,1,2.547621837,2.273092093,13,23
2.705733702,1,3.07290716,1.74246069,3.051989577,1.519212033,1,2.510370252,2.464332852,13,24
2.589939083,1,2.938872686,1.849299759,3.07290716,1.74246069,-1,2.303477503,2.431155094,13,25
2.700913432,1,2.954744265,2.117628927,2.938872686,1.849299759,-1,2.28872595,2.555322975,13,26
2.903716971,1,3.131362483,2.427966095,2.954744265,2.117628927,1,2.657973874,2.795903446,13,27
2.810303962,1,3.138430094,2.523764773,3.131362483,2.427966095,1,2.730873495,2.706964223,13,28
2.464531434,1,2.985171952,2.389696514,3.138430094,2.523764773,-1,2.311240983,2.25863801,13,29
2.392490021,1,2.997801621,2.283377257,2.985171952,2.389696514,-1,2.273873891,2.195273966,13,30
2.684124155,1,3.130798101,2.287485858,2.997801621,2.283377257,1,2.588630454,2.464373551,13,31
2.843604466,1,3.081782884,2.284912489,3.130798101,2.287485858,1,2.773333435,2.617978749,13,32
2.586351312,1,2.883485708,2.233038322,3.081782884,2.284912489,-1,2.617954418,2.529532018,13,33
2.66695576,1,2.89582389,2.392453002,2.883485708,2.233038322,-1,2.670927482,2.633845121,13,34
3.263559087,1,3.115856188,2.915463253,2.89582389,2.392453002,1,3.065944403,3.065910587,13,35
3.371261487,1,3.161670965,3.413031882,3.115856188,2.915463253,1,3.239667642,3.236092003,13,36
2.770825121,1,3.006752891,3.408249336,3.161670965,3.413031882,-1,2.77761071,2.768421493,13,37
2.534096362,1,2.952318484,3.155310372,3.006752891,3.408249336,-1,2.555662537,2.556615684,13,38
2.602508057,1,2.997652606,2.903198385,2.952318484,3.155310372,1,2.611257791,2.595924175,13,39
2.453594413,1,2.925012817,2.657636885,2.997652606,2.903198385,1,2.572955024,2.545344355,13,40
2.38506976,1,2.740415937,2.64274237,2.925012817,2.657636885,-1,2.45071579,2.416082302,13,41
2.773394226,1,2.644847883,2.99141501,2.740415937,2.64274237,-1,2.576840945,2.535329211,13,42
3.155692844,1,2.57416537,3.118549487,2.644847883,2.99141501,1,2.834667305,2.803213557,13,43
2.688880671,1,2.256078984,2.769026745,2.57416537,3.118549487,1,2.528981578,2.588320942,13,44
1.913883492,1,1.806897371,2.247903673,2.256078984,2.769026745,-1,1.908769815,1.963913694,13,45
1.486238573,1,1.456425945,1.928412304,1.806897371,2.247903673,-1,1.480924183,1.456632585,13,46
1.249371658,1,1.146965233,1.707679913,1.456425945,1.928412304,1,1.167971335,1.11007907,13,47
0.869094111,1,0.753708041,1.407148353,1.146965233,1.707679913,1,0.827871379,0.74702072,13,48
0.718452109,1,0.548352509,0.853523939,0.753708041,1.407148353,1,0.557828554,0.489003138,14,1
0.565824735,1,0.489173503,0.752862692,0.548352509,0.853523939,1,0.527813068,0.483360564,14,2
0.480830405,1,0.40405887,0.625910464,0.489173503,0.752862692,-1,0.44152505,0.413794869,14,3
0.387455294,1,0.339148583,0.544382037,0.40405887,0.625910464,-1,0.400371847,0.359796713,14,4
0.350287606,1,0.292173497,0.499791178,0.339148583,0.544382037,1,0.402533808,0.335289225,14,5
0.311213169,1,0.238446027,0.447787937,0.292173497,0.499791178,1,0.361628398,0.276292578,14,6
0.269207829,1,0.186472647,0.404339109,0.238446027,0.447787937,-1,0.301697763,0.207052762,14,7
0.275224415,1,0.156146675,0.390620341,0.186472647,0.404339109,-1,0.283816768,0.187883979,14,8
0.300489741,1,0.143178162,0.406616857,0.156146675,0.390620341,1,0.285349886,0.197068813,14,9
0.304912262,1,0.138919366,0.419596863,0.143178162,0.406616857,1,0.254142158,0.187944176,14,10
0.286953687,1,0.155602999,0.431952703,0.138919366,0.419596863,-1,0.194445686,0.160852978,14,11
0.307443013,1,0.227070534,0.514309718,0.155602999,0.431952703,-1,0.215237744,0.193477062,14,12
0.434635423,1,0.391081238,0.784567955,0.227070534,0.514309718,1,0.545610937,0.385507812,14,13
0.907886798,1,0.644350442,1.255981778,0.391081238,0.784567955,1,1.219183549,0.787980335,14,14
1.646439775,1,0.951286263,1.760279682,0.644350442,1.255981778,-1,1.959636891,1.295458288,14,15
2.259061884,1,1.342988295,2.200950362,0.951286263,1.760279682,-1,2.950392642,1.974046471,14,16
3.239414823,1,1.799439761,2.533350639,1.342988295,2.200950362,1,4.004749493,2.851180162,14,17
3.315523857,1,2.077709358,2.476693218,1.799439761,2.533350639,1,4.243308996,3.126455274,14,18
2.53372458,1,2.095483117,2.220975057,2.077709358,2.476693218,-1,3.716484511,2.804102687,14,19
2.202905976,1,2.075681957,2.015991317,2.095483117,2.220975057,-1,3.369577806,2.51234954,14,20
2.285357075,1,2.065938824,1.936169068,2.075681957,2.015991317,1,3.201856572,2.465889125,14,21
1.945386847,1,1.945424526,1.754148477,2.065938824,1.936169068,1,2.856264296,2.29940197,14,22
1.832287092,1,1.786615351,1.589214107,1.945424526,1.754148477,-1,2.35982252,2.035034667,14,23
2.06519831,1,1.786158802,1.629137368,1.786615351,1.589214107,-1,2.304530984,2.024508248,14,24
2.450064775,1,1.931830436,1.820475962,1.786158802,1.629137368,1,2.499075503,2.373674181,14,25
2.586141818,1,2.012563507,1.956688936,1.931830436,1.820475962,1,2.418130423,2.487943355,14,26
2.355617873,1,1.986637824,1.899429146,2.012563507,1.956688936,-1,2.374010291,2.314502485,14,27
2.384594193,1,2.014563102,1.909468528,1.986637824,1.899429146,-1,2.489687132,2.344785128,14,28
2.74679919,1,2.106310906,2.037921229,2.014563102,1.909468528,1,2.86480972,2.601857416,14,29
2.707386431,1,2.10326418,2.021177868,2.106310906,2.037921229,1,2.978537477,2.668903316,14,30
2.33608408,1,2.046683748,1.888769705,2.10326418,2.021177868,-1,2.73401281,2.507072357,14,31
2.309856786,1,2.142638229,1.968457709,2.046683748,1.888769705,-1,2.729696808,2.556614788,14,32
2.684056565,1,2.372753371,2.26458267,2.142638229,1.968457709,1,3.0096586,2.829210497,14,33
2.732114193,1,2.475636209,2.457569482,2.372753371,2.26458267,1,2.931342996,2.93149554,14,34
2.359109224,1,2.40779926,2.478178153,2.475636209,2.457569482,-1,2.500708926,2.609236048,14,35
2.526774544,1,2.401941526,2.540831131,2.40779926,2.478178153,-1,2.550188316,2.520542209,14,36
3.088344619,1,2.469104964,2.621473843,2.401941526,2.540831131,1,3.001421369,2.761602741,14,37
3.009955253,1,2.380953384,2.418033399,2.469104964,2.621473843,1,2.921425248,2.586327669,14,38
2.390725405,1,2.170792707,2.099862256,2.380953384,2.418033399,-1,2.518128353,2.306966549,14,39
2.123064701,1,2.074795882,1.958358774,2.170792707,2.099862256,-1,2.532277893,2.347033234,14,40
2.369505311,1,2.09949122,1.979420977,2.074795882,1.958358774,1,2.831675569,2.736716892,14,41
2.516070854,1,2.030761613,2.023055672,2.09949122,1.979420977,1,2.978931858,2.871880996,14,42
2.376794118,1,1.84148712,2.118616935,2.030761613,2.023055672,-1,2.836836225,2.549620639,14,43
2.044250848,1,1.695129721,2.288101318,1.84148712,2.118616935,-1,2.733993429,2.374807114,14,44
1.973171761,1,1.569372592,2.359067649,1.695129721,2.288101318,1,2.488102013,2.151994926,14,45
1.573448852,1,1.33249427,2.010783145,1.569372592,2.359067649,1,1.862531829,1.698450618,14,46
1.15601147,1,1.046315757,1.441327729,1.33249427,2.010783145,-1,1.424581652,1.143126579,14,47
0.855076224,1,0.827088228,0.957389296,1.046315757,1.441327729,-1,1.137126643,0.678221404,14,48
