cnt_answer,gmv,sum_online_time,cnt_call,sum_online_time_lag,cnt_call_lag,cnt_finish,date,time
0.455469199,0.626290901,0.907715297,0.463237557,0,0,0.429911831,1,1
0.428065488,0.544851383,0.742208154,0.405229153,0.907715297,0.463237557,0.378164294,1,2
0.391012802,0.453195113,0.603473256,0.347776092,0.742208154,0.405229153,0.331311721,1,3
0.351793997,0.410322945,0.517061122,0.295034482,0.603473256,0.347776092,0.302479337,1,4
0.32155213,0.333107979,0.46335042,0.250957306,0.517061122,0.295034482,0.279475865,1,5
0.297137828,0.268442154,0.41408051,0.215405993,0.46335042,0.250957306,0.246685444,1,6
0.280614251,0.261184395,0.36722274,0.187619894,0.41408051,0.215405993,0.207863398,1,7
0.262657667,0.265207732,0.343250923,0.165797023,0.36722274,0.187619894,0.178736838,1,8
0.236507327,0.259582145,0.347003054,0.15092818,0.343250923,0.165797023,0.157828416,1,9
0.209800879,0.26056008,0.384943937,0.149929414,0.347003054,0.15092818,0.148096017,1,10
0.196071403,0.297094858,0.445508889,0.174559041,0.384943937,0.149929414,0.148831148,1,11
0.240014491,0.339986779,0.544489413,0.24261427,0.445508889,0.174559041,0.188535773,1,12
0.44288918,0.429886492,0.772283904,0.377461853,0.544489413,0.24261427,0.35080905,1,13
0.917686995,0.670383389,1.205301845,0.597457711,0.772283904,0.377461853,0.719810959,1,14
1.663242179,1.125982285,1.752381728,0.900292335,1.205301845,0.597457711,1.257575839,1,15
2.433400826,1.455702025,2.237633405,1.251422992,1.752381728,0.900292335,1.79283544,1,16
2.993767466,1.755843651,2.534905684,1.596464871,2.237633405,1.251422992,2.182394328,1,17
3.172593663,2.0367402,2.600515931,1.869692253,2.534905684,1.596464871,2.411833928,1,18
3.037625845,2.14984756,2.401364207,2.026904587,2.600515931,1.869692253,2.426591924,1,19
2.727889054,2.155206472,2.006074569,2.052623304,2.401364207,2.026904587,2.205103226,1,20
2.395298125,2.119570551,1.595370131,1.976689412,2.006074569,2.052623304,1.892095808,1,21
2.182229998,1.956739099,1.297274215,1.867980174,1.595370131,1.976689412,1.677149341,1,22
2.169098491,1.683220792,1.189087604,1.801876469,1.297274215,1.867980174,1.663183567,1,23
2.276920476,1.530725201,1.204623611,1.804403735,1.189087604,1.801876469,1.734935035,1,24
2.349580961,1.766006961,1.323369971,1.852423189,1.204623611,1.804403735,1.897858328,1,25
2.421266469,1.879132756,1.481986827,1.924598553,1.323369971,1.852423189,2.059162109,1,26
2.447656663,1.836869497,1.615145099,1.983923236,1.481986827,1.924598553,2.126326061,1,27
2.445512797,1.718288952,1.724296191,2.012062464,1.615145099,1.983923236,2.143613156,1,28
2.396424686,1.791027243,1.797003569,2.00179459,1.724296191,2.012062464,2.146092098,1,29
2.284698665,1.950655367,1.784421079,1.960634723,1.797003569,2.00179459,2.098071751,1,30
2.173806927,2.050986385,1.764085679,1.914071621,1.784421079,1.960634723,2.098889654,1,31
2.094381104,2.027284105,1.890344935,1.881050223,1.764085679,1.914071621,2.30643034,1,32
2.021550742,2.130673272,2.080684587,1.867148777,1.890344935,1.881050223,2.53564515,1,33
2.007454851,2.164050158,2.192769086,1.883693967,2.080684587,1.867148777,2.584964756,1,34
2.188603649,2.089549822,2.237051743,1.944889611,2.192769086,1.883693967,2.52099062,1,35
2.40252065,2.118883712,2.285248341,2.008124218,2.237051743,1.944889611,2.520641793,1,36
2.466409197,2.052657065,2.262527347,2.031455172,2.285248341,2.008124218,2.513775161,1,37
2.387118279,1.960856591,2.079020025,2.014132823,2.262527347,2.031455172,2.331312582,1,38
2.27030042,1.922874597,1.954374789,1.978170638,2.079020025,2.014132823,2.225521548,1,39
2.220546757,1.833117601,1.973824069,1.946775151,1.954374789,1.978170638,2.289707539,1,40
2.313660867,1.797042414,2.071901335,1.938727989,1.973824069,1.946775151,2.47186982,1,41
2.471865402,1.977978666,2.11998844,1.944856936,2.071901335,1.938727989,2.540312912,1,42
2.594355309,2.266637099,2.167056317,1.942394413,2.11998844,1.944856936,2.515078937,1,43
2.545527093,2.24334245,2.167310469,1.894048068,2.167056317,1.942394413,2.331851192,1,44
2.224629945,1.845796872,2.024311174,1.760928849,2.167310469,1.894048068,1.886631274,1,45
1.71821951,1.466546455,1.802101688,1.539971149,2.024311174,1.760928849,1.416519976,1,46
1.210291677,1.194855863,1.507489787,1.264234904,1.802101688,1.539971149,1.024336559,1,47
0.723373916,0.894324206,1.167156979,0.959058213,1.507489787,1.264234904,0.680470829,1,48
0.500360817,0.606776808,0.852151193,0.482943918,1.167156979,0.959058213,0.429597974,2,1
0.433330829,0.569907404,0.759847985,0.424852305,0.852151193,0.482943918,0.37845479,2,2
0.374432774,0.497877103,0.668981145,0.364617446,0.759847985,0.424852305,0.331812437,2,3
0.335127609,0.369982269,0.592332874,0.304599024,0.668981145,0.364617446,0.302675845,2,4
0.30618198,0.306960787,0.507722784,0.253223727,0.592332874,0.304599024,0.279157627,2,5
0.273773942,0.280716044,0.440042909,0.21329052,0.507722784,0.253223727,0.246105606,2,6
0.238247475,0.266666636,0.413603732,0.183451669,0.440042909,0.21329052,0.207471016,2,7
0.211422257,0.260767479,0.412319096,0.161631208,0.413603732,0.183451669,0.179062106,2,8
0.195679317,0.275665523,0.419086192,0.14761974,0.412319096,0.161631208,0.159603624,2,9
0.194587125,0.263639036,0.429614783,0.144003132,0.419086192,0.14761974,0.151588773,2,10
0.207561014,0.282367309,0.447142708,0.161577903,0.429614783,0.144003132,0.151519974,2,11
0.260947515,0.345755915,0.484457933,0.217712828,0.447142708,0.161577903,0.183377298,2,12
0.426817132,0.466239771,0.643643735,0.33585537,0.484457933,0.217712828,0.334926452,2,13
0.764900278,0.74291541,1.054515394,0.538423761,0.643643735,0.33585537,0.724169821,2,14
1.220028083,1.117721723,1.700539641,0.828006196,1.054515394,0.538423761,1.369354055,2,15
1.636843612,1.310603858,2.32823305,1.178512764,1.700539641,0.828006196,2.092741159,2,16
1.969385072,1.733685785,2.755948673,1.548553382,2.32823305,1.178512764,2.659776314,2,17
2.206282673,1.974549148,2.84682747,1.862353099,2.755948673,1.548553382,2.988783312,2,18
2.28472225,2.137010025,2.592977615,2.065243322,2.84682747,1.862353099,2.992782038,2,19
2.153350523,2.191140063,2.213611978,2.132274159,2.592977615,2.065243322,2.634051684,2,20
1.892010396,2.154771103,1.899931474,2.086057691,2.213611978,2.132274159,2.102948536,2,21
1.681118792,1.845863864,1.651254163,1.979704738,1.899931474,2.086057691,1.715932529,2,22
1.634457232,1.919835052,1.482217061,1.886444742,1.651254163,1.979704738,1.642022196,2,23
1.692359465,1.973317408,1.434803212,1.819826365,1.482217061,1.886444742,1.718206949,2,24
1.838631383,1.750799824,1.52393488,1.780333955,1.434803212,1.819826365,1.893783743,2,25
1.991847552,1.595020664,1.608580429,1.791341449,1.52393488,1.780333955,2.059905672,2,26
2.072434461,1.832186373,1.655242922,1.866253243,1.608580429,1.791341449,2.127738752,2,27
2.090669096,1.909561198,1.717269998,1.969934994,1.655242922,1.866253243,2.145006627,2,28
2.07271881,1.978301149,1.861965351,2.078985657,1.717269998,1.969934994,2.146719399,2,29
2.029092159,1.95884392,2.009752995,2.172171997,1.861965351,2.078985657,2.097437509,2,30
2.044393849,1.986595582,2.067248228,2.244058533,2.009752995,2.172171997,2.097431833,2,31
2.209028695,2.075323938,2.058671705,2.289181109,2.067248228,2.244058533,2.303771734,2,32
2.394618743,2.225995207,2.091076461,2.300763694,2.058671705,2.289181109,2.531706022,2,33
2.467226039,2.205684908,2.158518268,2.269747669,2.091076461,2.300763694,2.582551653,2,34
2.463137202,2.15678378,2.258337197,2.207353678,2.158518268,2.269747669,2.521117441,2,35
2.475632944,2.065796461,2.390449482,2.124581382,2.258337197,2.207353678,2.524208844,2,36
2.455106338,1.83916446,2.435416172,2.030568865,2.390449482,2.124581382,2.522142669,2,37
2.30905118,1.731460011,2.368982515,1.944723297,2.435416172,2.030568865,2.334669013,2,38
2.202977505,1.680169428,2.268141869,1.874146665,2.368982515,1.944723297,2.215690002,2,39
2.215076997,1.669610738,2.191981427,1.824927746,2.268141869,1.874146665,2.277326429,2,40
2.331499125,1.66046919,2.17412962,1.802737344,2.191981427,1.824927746,2.470987511,2,41
2.411814731,1.687438493,2.24010595,1.809907485,2.17412962,1.802737344,2.548390362,2,42
2.421296507,2.048863553,2.319898852,1.83526856,2.24010595,1.809907485,2.525016512,2,43
2.272067383,2.405743141,2.251810075,1.824996378,2.319898852,1.83526856,2.338578935,2,44
1.901659323,2.172651837,2.030731906,1.719796784,2.251810075,1.824996378,1.885275117,2,45
1.471419895,1.768924006,1.770669711,1.516236742,2.030731906,1.719796784,1.409878896,2,46
1.066087462,1.225509279,1.526898534,1.239022006,1.770669711,1.516236742,1.022540019,2,47
0.690388165,0.791023974,1.291202711,0.93257086,1.526898534,1.239022006,0.685956878,2,48
0.474106516,0.60176145,0.844387262,0.481408295,1.291202711,0.93257086,0.405606319,3,1
0.444553288,0.537548434,0.783328446,0.420632254,0.844387262,0.481408295,0.388891999,3,2
0.410741497,0.454395826,0.692823713,0.361152993,0.783328446,0.420632254,0.365528587,3,3
0.376637792,0.358168642,0.57249858,0.306337843,0.692823713,0.361152993,0.341069894,3,4
0.330517225,0.312305056,0.482718746,0.256584877,0.57249858,0.306337843,0.295677065,3,5
0.287596033,0.279908335,0.435298456,0.214911233,0.482718746,0.256584877,0.249750415,3,6
0.262644773,0.264138759,0.417832124,0.183132425,0.435298456,0.214911233,0.224220629,3,7
0.246936026,0.259802951,0.418791466,0.159436906,0.417832124,0.183132425,0.207484741,3,8
0.231761993,0.244925699,0.431351141,0.143256695,0.418791466,0.159436906,0.189029059,3,9
0.216310056,0.260614458,0.434968122,0.138649572,0.431351141,0.143256695,0.169244687,3,10
0.207898432,0.254570941,0.451568372,0.155820356,0.434968122,0.138649572,0.154537925,3,11
0.231925886,0.295678036,0.513983517,0.212050564,0.451568372,0.155820356,0.161236386,3,12
0.366365652,0.459229162,0.696407463,0.334241477,0.513983517,0.212050564,0.274148726,3,13
0.697818631,0.7623969,1.090845009,0.548048573,0.696407463,0.334241477,0.643682724,3,14
1.207518309,1.102675852,1.643134022,0.856561622,1.090845009,0.548048573,1.351812563,3,15
1.703726941,1.370924117,2.172774719,1.223823465,1.643134022,0.856561622,2.179886694,3,16
2.114299489,1.578687067,2.631942861,1.59421836,2.172774719,1.223823465,2.86788185,3,17
2.370037939,1.844486521,2.745501139,1.899907924,2.631942861,1.59421836,3.207698299,3,18
2.428687989,2.1234895,2.545839104,2.080583817,2.745501139,1.899907924,3.126766069,3,19
2.350107472,2.067959816,2.220182942,2.11756126,2.545839104,2.080583817,2.796657911,3,20
2.212861306,1.857659788,1.948501629,2.038660558,2.220182942,2.11756126,2.41443192,3,21
2.069763849,1.691833505,1.745760651,1.90059158,1.948501629,2.038660558,2.099558901,3,22
1.965595461,1.602617968,1.710672396,1.770403527,1.745760651,1.90059158,1.931175113,3,23
1.96047822,1.51201273,1.691564052,1.701826996,1.710672396,1.770403527,1.940383579,3,24
2.077638063,1.625661389,1.589391,1.711067402,1.691564052,1.701826996,2.124898093,3,25
2.14570232,1.810945455,1.536596323,1.760745985,1.589391,1.711067402,2.21279477,3,26
2.125324271,2.076094223,1.660425083,1.825497025,1.536596323,1.760745985,2.167357363,3,27
2.085210921,2.092067217,1.842527107,1.90243061,1.660425083,1.825497025,2.099778932,3,28
2.13601267,1.878766689,2.014050654,2.00056422,1.842527107,1.90243061,2.173354438,3,29
2.25513143,1.760662451,2.086790449,2.104506899,2.014050654,2.00056422,2.334700143,3,30
2.352947084,1.959328674,2.093448553,2.186494466,2.086790449,2.104506899,2.453167118,3,31
2.381940538,2.129626985,2.114198084,2.230907572,2.093448553,2.186494466,2.472939263,3,32
2.406170116,2.254703425,2.180351458,2.248471161,2.114198084,2.230907572,2.503265491,3,33
2.430591293,2.332267425,2.233723708,2.244886427,2.180351458,2.248471161,2.518070711,3,34
2.478453747,2.324874284,2.275442633,2.232358757,2.233723708,2.244886427,2.530427258,3,35
2.574302865,2.413811644,2.263112176,2.223999547,2.275442633,2.232358757,2.614918842,3,36
2.626916901,2.330970062,2.147620145,2.208503754,2.263112176,2.223999547,2.660866105,3,37
2.599523228,1.959890647,2.006717186,2.177811516,2.147620145,2.208503754,2.618877448,3,38
2.516485941,1.694276177,1.894504314,2.13082148,2.006717186,2.177811516,2.531146195,3,39
2.431892369,1.780022811,1.848898035,2.070822586,1.894504314,2.13082148,2.466855481,3,40
2.435945777,1.904616099,1.849929839,2.012819125,1.848898035,2.070822586,2.51255329,3,41
2.535790056,2.066562278,1.932721681,1.96191247,1.849929839,2.012819125,2.650616013,3,42
2.57870847,2.331518227,2.177247112,1.894100631,1.932721681,1.96191247,2.700133325,3,43
2.364204953,2.157968498,2.416075509,1.773456117,2.177247112,1.894100631,2.43142381,3,44
1.920996261,1.841796772,2.407769647,1.593193572,2.416075509,1.773456117,1.894567512,3,45
1.452369243,1.346319492,2.143683611,1.378111255,2.407769647,1.593193572,1.377519902,3,46
1.07144731,1.105562496,1.669546323,1.14994359,2.143683611,1.378111255,1.022281169,3,47
0.756048453,0.919890481,1.153039873,0.916213693,1.669546323,1.14994359,0.756034151,3,48
0.471870789,0.668493243,0.812313688,0.527197425,1.153039873,0.916213693,0.405888005,4,1
0.45773375,0.545791086,0.727603184,0.455780105,0.812313688,0.527197425,0.388564364,4,2
0.422936753,0.479371102,0.633433671,0.388135657,0.727603184,0.455780105,0.364978975,4,3
0.364549554,0.414615478,0.548365821,0.325144065,0.633433671,0.388135657,0.340821857,4,4
0.316130664,0.360188068,0.491796934,0.27065988,0.548365821,0.325144065,0.29595661,4,5
0.284982631,0.291152728,0.45612637,0.225642547,0.491796934,0.27065988,0.250300264,4,6
0.264994492,0.236714122,0.442572753,0.189314393,0.45612637,0.225642547,0.224593421,4,7
0.250089328,0.247224852,0.434433624,0.160040767,0.442572753,0.189314393,0.207121959,4,8
0.23786938,0.28609535,0.422048346,0.138819492,0.434433624,0.160040767,0.187217559,4,9
0.219545164,0.293968713,0.424956647,0.129846865,0.422048346,0.138819492,0.165805309,4,10
0.211110569,0.288072452,0.469494109,0.142628737,0.424956647,0.129846865,0.152009972,4,11
0.247277434,0.337631158,0.610592471,0.196628395,0.469494109,0.142628737,0.166394309,4,12
0.392892105,0.491182538,0.948182064,0.317227271,0.610592471,0.196628395,0.288930807,4,13
0.714217269,0.748014139,1.548542287,0.529321025,0.948182064,0.317227271,0.636392839,4,14
1.170720738,1.099374424,2.339895355,0.836532522,1.548542287,0.529321025,1.234122397,4,15
1.608236544,1.497168662,3.070793215,1.204459611,2.339895355,0.836532522,1.860934702,4,16
2.035399628,1.846531754,3.53391508,1.567048762,3.070793215,1.204459611,2.349426715,4,17
2.300351316,1.929613369,3.515894819,1.85178823,3.53391508,1.567048762,2.586626368,4,18
2.393663596,1.955596202,3.10767497,2.025429849,3.515894819,1.85178823,2.536377157,4,19
2.353192594,2.026495291,2.524378398,2.082647312,3.10767497,2.025429849,2.355543476,4,20
2.254588396,2.119056557,1.973814064,2.040637415,2.524378398,2.082647312,2.196145157,4,21
2.171625182,1.965989337,1.603104403,1.943348688,1.973814064,2.040637415,2.062068272,4,22
2.230242188,1.916619879,1.504134444,1.833786472,1.603104403,1.943348688,1.955807055,4,23
2.260907015,1.909487422,1.587191029,1.756439344,1.504134444,1.833786472,1.958669839,4,24
2.154243951,1.869400064,1.684201764,1.725255195,1.587191029,1.756439344,2.128892504,4,25
2.057586373,1.902570593,1.798022537,1.714920312,1.684201764,1.725255195,2.211667256,4,26
2.117658535,2.0822626,1.88032919,1.716949166,1.798022537,1.714920312,2.165788683,4,27
2.206716412,2.039852596,1.940141178,1.750573358,1.88032919,1.716949166,2.098443613,4,28
2.286935285,1.875738432,1.954628779,1.827747612,1.940141178,1.750573358,2.172891281,4,29
2.331889004,1.968159536,1.907582538,1.935025326,1.954628779,1.827747612,2.335559191,4,30
2.379522942,1.997639952,1.857123819,2.04970703,1.907582538,1.935025326,2.454808521,4,31
2.438848126,2.049700727,1.836896358,2.144773442,1.857123819,2.04970703,2.475565387,4,32
2.496504272,1.960171565,1.843464657,2.203363219,1.836896358,2.144773442,2.507013429,4,33
2.506325548,2.035210175,1.949842646,2.233354036,1.843464657,2.203363219,2.520441071,4,34
2.49862564,2.326396006,2.287354199,2.236988251,1.949842646,2.233354036,2.5305696,4,35
2.457700064,2.25827231,2.612054455,2.207888885,2.287354199,2.236988251,2.611796151,4,36
2.355350931,2.128186399,2.680258479,2.147526809,2.612054455,2.207888885,2.652572174,4,37
2.249098852,2.008676508,2.537277144,2.067797037,2.680258479,2.147526809,2.615545894,4,38
2.149734095,1.736629642,2.375472863,1.998438387,2.537277144,2.067797037,2.542838287,4,39
2.095858422,1.682664226,2.325722672,1.974803873,2.375472863,1.998438387,2.48212126,4,40
2.116371285,1.934021134,2.416223404,1.999646329,2.325722672,1.974803873,2.515251364,4,41
2.22451176,2.133090059,2.569472436,2.027940533,2.416223404,1.999646329,2.642755684,4,42
2.413791108,2.25668044,2.754209182,1.997202529,2.569472436,2.027940533,2.689697099,4,43
2.471446401,1.963350899,2.841513344,1.873078654,2.754209182,1.997202529,2.42429527,4,44
2.202008068,1.711058128,2.658031776,1.647813198,2.841513344,1.873078654,1.895476764,4,45
1.727821347,1.444865157,2.227888631,1.355988561,2.658031776,1.647813198,1.383484969,4,46
1.184282511,1.165447456,1.733978326,1.031808147,2.227888631,1.355988561,1.023475894,4,47
0.674814729,0.805247515,1.204614087,0.695576077,1.733978326,1.031808147,0.749980036,4,48
0.500383932,0.63031011,0.827630425,0.523878697,1.204614087,0.695576077,0.439706566,5,1
0.433272705,0.543264434,0.759646927,0.4441649,0.827630425,0.523878697,0.449650938,5,2
0.374364509,0.450864043,0.632269525,0.368609154,0.759646927,0.4441649,0.410964765,5,3
0.335128262,0.410395499,0.501333377,0.300700217,0.632269525,0.368609154,0.349620652,5,4
0.306367767,0.332866431,0.411089172,0.245677142,0.501333377,0.300700217,0.299338116,5,5
0.274370018,0.266271283,0.375752884,0.202890896,0.411089172,0.245677142,0.265572548,5,6
0.239379982,0.259887308,0.367282342,0.172379969,0.375752884,0.202890896,0.228543931,5,7
0.212275574,0.267193958,0.370324194,0.153543109,0.367282342,0.172379969,0.197547609,5,8
0.193511316,0.265242493,0.37936738,0.144908514,0.370324194,0.153543109,0.175427574,5,9
0.185015166,0.272028928,0.380582558,0.148328022,0.37936738,0.144908514,0.156973277,5,10
0.18758456,0.310615271,0.377833719,0.17267328,0.380582558,0.148328022,0.144815782,5,11
0.23698017,0.332692063,0.431001037,0.23473827,0.377833719,0.17267328,0.170732008,5,12
0.43161212,0.399093859,0.637745348,0.358990467,0.431001037,0.23473827,0.294636452,5,13
0.879104114,0.686790446,1.065247993,0.563711616,0.637745348,0.358990467,0.618170614,5,14
1.557735806,1.274711922,1.667502953,0.844863001,1.065247993,0.563711616,1.24853,5,15
2.242617888,1.740584361,2.310807616,1.177017656,1.667502953,0.844863001,2.145957084,5,16
2.738759495,2.134747191,2.777172776,1.512228504,2.310807616,1.177017656,3.018330282,5,17
2.987447634,2.371248775,2.796939784,1.775215721,2.777172776,1.512228504,3.384944719,5,18
2.938924853,2.342608244,2.471701394,1.918023111,2.796939784,1.775215721,3.074982225,5,19
2.608891373,2.227166951,2.086021017,1.938035981,2.471701394,1.918023111,2.469210548,5,20
2.176562485,2.141044781,1.862815001,1.868716707,2.086021017,1.938035981,2.048975071,5,21
1.87009314,1.995843316,1.753119955,1.794458667,1.862815001,1.868716707,1.856803325,5,22
1.770116326,1.791188024,1.644741478,1.768529526,1.753119955,1.794458667,1.825819278,5,23
1.781602977,1.717583607,1.539377359,1.804873186,1.644741478,1.768529526,1.923346858,5,24
1.89272848,2.017775785,1.505788824,1.888169321,1.539377359,1.804873186,2.108815374,5,25
2.033220051,2.132738272,1.581871862,2.001345167,1.505788824,1.888169321,2.273471681,5,26
2.130107052,2.071017772,1.721687453,2.099052698,1.581871862,2.001345167,2.302416276,5,27
2.196865853,1.939035602,1.880551038,2.154662563,1.721687453,2.099052698,2.251715255,5,28
2.244763771,2.021071563,2.016268248,2.165317189,1.880551038,2.154662563,2.216832637,5,29
2.247198909,2.187947445,2.100199959,2.147919211,2.016268248,2.165317189,2.148922375,5,30
2.27469163,2.288772184,2.130470561,2.131552528,2.100199959,2.147919211,2.187632152,5,31
2.430271695,2.26426664,2.11890785,2.136935793,2.130470561,2.131552528,2.259881471,5,32
2.582158771,2.39104951,2.068753739,2.15950451,2.11890785,2.136935793,2.404601302,5,33
2.590088205,2.440657906,2.124487799,2.194837461,2.068753739,2.15950451,2.48177199,5,34
2.510790213,2.367892389,2.311969317,2.241036579,2.124487799,2.194837461,2.543599266,5,35
2.478932575,2.401181458,2.483077908,2.27625002,2.311969317,2.241036579,2.655093343,5,36
2.446977151,2.31553302,2.501685581,2.263746302,2.483077908,2.27625002,2.734812312,5,37
2.302303574,2.203042334,2.329771698,2.19602822,2.501685581,2.263746302,2.605224223,5,38
2.199878907,2.14766742,2.119311954,2.102135679,2.329771698,2.19602822,2.314810394,5,39
2.214224289,2.039145625,1.980826768,2.020303971,2.119311954,2.102135679,2.247169165,5,40
2.331616328,2.013128121,1.978313048,1.976420293,1.980826768,2.020303971,2.449186876,5,41
2.412124788,2.21182643,2.03412395,1.953556661,1.978313048,1.976420293,2.744087525,5,42
2.421538413,2.472921567,2.095078916,1.890311267,2.03412395,1.953556661,2.892194383,5,43
2.271987663,2.343246565,2.045415011,1.768504992,2.095078916,1.890311267,2.751986154,5,44
1.901153284,1.837969499,1.957210811,1.597233215,2.045415011,1.768504992,2.297627078,5,45
1.471254169,1.44219994,1.774549299,1.390850161,1.957210811,1.597233215,1.735308677,5,46
1.068239123,1.190564896,1.477179056,1.160134343,1.774549299,1.390850161,1.162944051,5,47
0.69731671,0.895032192,1.17227988,0.918578488,1.477179056,1.160134343,0.684678585,5,48
0.474118266,0.454028797,0.854108568,0.473960431,1.17227988,0.918578488,0.400435554,6,1
0.444489328,0.382227603,0.716085258,0.410980368,0.854108568,0.473960431,0.403853297,6,2
0.410674646,0.317700911,0.586357874,0.343701591,0.716085258,0.410980368,0.380970852,6,3
0.376648676,0.271351146,0.504428093,0.280243593,0.586357874,0.343701591,0.325072598,6,4
0.330725384,0.232890446,0.466988549,0.228121128,0.504428093,0.280243593,0.279436756,6,5
0.28824614,0.198351218,0.440410283,0.189837377,0.466988549,0.228121128,0.249531528,6,6
0.26388874,0.171925548,0.428626837,0.161921795,0.440410283,0.189837377,0.227805304,6,7
0.247960255,0.157970671,0.41143791,0.14120677,0.428626837,0.161921795,0.209623929,6,8
0.229695884,0.159218214,0.386398704,0.12734819,0.41143791,0.14120677,0.194578414,6,9
0.206482477,0.170785956,0.365162615,0.123906196,0.386398704,0.12734819,0.170755441,6,10
0.186976787,0.175519397,0.367747262,0.141691009,0.365162615,0.123906196,0.154653819,6,11
0.20627284,0.187206132,0.424498473,0.20131339,0.367747262,0.141691009,0.175484315,6,12
0.369775525,0.237244282,0.608202052,0.328625244,0.424498473,0.20131339,0.304256576,6,13
0.814327316,0.391826961,1.005193471,0.543636459,0.608202052,0.328625244,0.66170614,6,14
1.558193237,0.753048276,1.584867993,0.846269441,1.005193471,0.543636459,1.287139343,6,15
2.344448874,1.067675075,2.21432036,1.207343861,1.584867993,0.846269441,2.028320008,6,16
2.946171542,1.282820597,2.635881887,1.567570871,2.21432036,1.207343861,2.77625201,6,17
3.216597813,1.404845862,2.660519394,1.851678381,2.635881887,1.567570871,3.124677958,6,18
3.126353134,1.470985014,2.298158279,2.018304258,2.660519394,1.851678381,3.092613516,6,19
2.838170128,1.496404308,1.870340915,2.064472719,2.298158279,2.018304258,2.805498948,6,20
2.537452247,1.495925219,1.595778008,2.024439957,1.870340915,2.064472719,2.446211428,6,21
2.305557162,1.501160306,1.478246242,1.936624929,1.595778008,2.024439957,2.160788053,6,22
2.136219652,1.716743972,1.477781054,1.833827577,1.478246242,1.936624929,2.209789534,6,23
2.068155968,1.897543761,1.550424291,1.759248971,1.477781054,1.833827577,2.291495548,6,24
2.139397165,1.964428967,1.623158064,1.74590593,1.550424291,1.759248971,2.172703719,6,25
2.188043764,2.080744517,1.678247935,1.797405573,1.623158064,1.74590593,2.049412871,6,26
2.180764294,2.230690493,1.718051149,1.888968398,1.678247935,1.797405573,2.141914968,6,27
2.191100822,2.325833988,1.749386389,1.994147357,1.718051149,1.888968398,2.250399466,6,28
2.318959702,2.3765035,1.763690617,2.095070086,1.749386389,1.994147357,2.348950016,6,29
2.502820794,2.408546924,1.721615458,2.183288665,1.763690617,2.095070086,2.393679503,6,30
2.621818834,2.40814045,1.686289342,2.249809211,1.721615458,2.183288665,2.444178226,6,31
2.626255361,2.387512438,1.745928212,2.280412629,1.686289342,2.249809211,2.517086456,6,32
2.598124223,2.392820879,1.892200014,2.270734601,1.745928212,2.280412629,2.596349928,6,33
2.549374203,2.419171785,2.063814071,2.256484054,1.892200014,2.270734601,2.597811055,6,34
2.52110408,2.385291075,2.336733931,2.253880025,2.063814071,2.256484054,2.571492104,6,35
2.574014605,2.242836304,2.600536555,2.244865486,2.336733931,2.253880025,2.516573969,6,36
2.616904027,2.157872401,2.651895164,2.208335832,2.600536555,2.244865486,2.398026982,6,37
2.592110579,2.085323511,2.467930416,2.134751373,2.651895164,2.208335832,2.291407339,6,38
2.513328008,1.926709445,2.13232211,2.040827176,2.467930416,2.134751373,2.201399787,6,39
2.431099547,1.75022345,1.916066891,1.946394786,2.13232211,2.040827176,2.183646349,6,40
2.436094718,1.937463554,1.911832994,1.876378932,1.916066891,1.946394786,2.231249614,6,41
2.536103042,2.008142964,2.094695495,1.821806479,1.911832994,1.876378932,2.319655126,6,42
2.57893189,1.977881021,2.257219694,1.759910849,2.094695495,1.821806479,2.501027542,6,43
2.364070228,1.805412717,2.238811483,1.658879054,2.257219694,1.759910849,2.542932428,6,44
1.920431137,1.628599355,2.083554463,1.517677036,2.238811483,1.658879054,2.184737687,6,45
1.452263609,1.440575765,1.759928976,1.332348312,2.083554463,1.517677036,1.644681796,6,46
1.074022727,1.194007781,1.399293018,1.111195849,1.759928976,1.332348312,1.106753522,6,47
0.764038468,0.967266553,1.142508561,0.877711194,1.399293018,1.111195849,0.658796116,6,48
0.525425649,0.605274015,0.96623561,0.495001558,1.142508561,0.877711194,0.400698618,7,1
0.512580436,0.536892139,0.837791009,0.431432915,0.96623561,0.495001558,0.403463332,7,2
0.463269376,0.443785844,0.731284508,0.367642722,0.837791009,0.431432915,0.380339664,7,3
0.396735783,0.364414623,0.626105711,0.307681899,0.731284508,0.367642722,0.324800872,7,4
0.341033659,0.324046967,0.540338059,0.25612367,0.626105711,0.307681899,0.279731932,7,5
0.302415728,0.283253507,0.477800023,0.212874409,0.540338059,0.25612367,0.250116854,7,6
0.266406945,0.278891188,0.43879463,0.17704072,0.477800023,0.212874409,0.228212339,7,7
0.236797134,0.282708196,0.413743821,0.148171166,0.43879463,0.17704072,0.209290173,7,8
0.213620382,0.267539538,0.404265017,0.128218721,0.413743821,0.148171166,0.192771762,7,9
0.19110775,0.278239333,0.402577414,0.122082977,0.404265017,0.128218721,0.167199001,7,10
0.173863656,0.312752305,0.396845568,0.139703336,0.402577414,0.122082977,0.15160944,7,11
0.20441799,0.340734566,0.430780253,0.199222769,0.396845568,0.139703336,0.17971256,7,12
0.364892709,0.455472074,0.583114802,0.324050059,0.430780253,0.199222769,0.319511913,7,13
0.764583265,0.890488158,0.978143401,0.53740707,0.583114802,0.324050059,0.660394685,7,14
1.459824039,1.760441257,1.625089217,0.842753633,0.978143401,0.53740707,1.185926717,7,15
2.319691475,2.558483069,2.33103912,1.208842019,1.625089217,0.842753633,1.733189619,7,16
3.06836321,3.023205291,2.798643084,1.578763818,2.33103912,1.208842019,2.270392736,7,17
3.347893643,2.955473091,2.781116604,1.875491052,2.798643084,1.578763818,2.517955544,7,18
3.060893307,2.704907148,2.455139541,2.027810986,2.781116604,1.875491052,2.508752323,7,19
2.534493773,2.458676389,2.109304409,2.02451368,2.455139541,2.027810986,2.361444168,7,20
2.169169227,2.198226931,1.874702625,1.908490357,2.109304409,2.02451368,2.216682941,7,21
2.020378101,1.909950556,1.725873882,1.758633712,1.874702625,1.908490357,2.112727977,7,22
1.981404251,1.972431345,1.607547856,1.652501106,1.725873882,1.758633712,2.229132406,7,23
2.022534403,2.288975879,1.555572162,1.630454435,1.607547856,1.652501106,2.30721476,7,24
2.141063344,2.324569437,1.57585107,1.678646799,1.555572162,1.630454435,2.175880965,7,25
2.270453325,2.486046302,1.558511124,1.766106525,1.57585107,1.678646799,2.048236013,7,26
2.325509303,2.489853489,1.498504963,1.8580842,1.558511124,1.766106525,2.140414835,7,27
2.330160325,2.483645215,1.505802431,1.933133701,1.498504963,1.8580842,2.249007929,7,28
2.337004964,2.411267011,1.620242349,1.989592811,1.505802431,1.933133701,2.348352899,7,29
2.311861058,2.190932839,1.760320146,2.04598657,1.620242349,1.989592811,2.394434044,7,30
2.341635306,2.090952935,1.876458828,2.122854361,1.760320146,2.04598657,2.445794631,7,31
2.384642076,2.185651108,1.967741932,2.214942948,1.876458828,2.122854361,2.519810655,7,32
2.464926026,2.197571522,2.047474178,2.29865825,1.967741932,2.214942948,2.600267583,7,33
2.499195981,2.059054395,2.180580925,2.324497518,2.047474178,2.29865825,2.60024568,7,34
2.534087366,2.414269019,2.347190645,2.257308065,2.180580925,2.324497518,2.571788642,7,35
2.616957867,2.659763399,2.439470367,2.120888591,2.347190645,2.257308065,2.514170016,7,36
2.665934713,2.494658858,2.380008529,1.988490303,2.439470367,2.120888591,2.390928423,7,37
2.551037851,2.262232167,2.169103344,1.916615388,2.380008529,1.988490303,2.288212731,7,38
2.315617028,2.137602827,1.961728251,1.8696858,2.169103344,1.916615388,2.211229326,7,39
2.227073038,2.065707983,1.959305162,1.838239378,1.961728251,1.8696858,2.196826529,7,40
2.362883782,2.233534886,2.172499949,1.833674683,1.959305162,1.838239378,2.233458689,7,41
2.622620461,2.416934987,2.433521154,1.827846886,2.172499949,1.833674683,2.312589211,7,42
2.799707648,2.561345792,2.55447503,1.789196376,2.433521154,1.827846886,2.491228699,7,43
2.723491378,2.555403513,2.462192241,1.70233341,2.55447503,1.789196376,2.536031906,7,44
2.357437461,2.191226723,2.140774082,1.565914804,2.462192241,1.70233341,2.186912265,7,45
1.837634548,1.6654767,1.72288282,1.386284544,2.140774082,1.565914804,1.6532513,7,46
1.251385918,1.305097357,1.281797569,1.175652881,1.72288282,1.386284544,1.109869432,7,47
0.708163253,0.82827813,0.840491069,0.942864389,1.281797569,1.175652881,0.653357748,7,48
0.471884299,0.610717643,1.107857882,0.525199147,0.840491069,0.942864389,0.395668153,8,1
0.457667245,0.568109328,0.807919371,0.437389728,1.107857882,0.525199147,0.396982231,8,2
0.422858027,0.494998608,0.603775089,0.354683224,0.807919371,0.437389728,0.350260114,8,3
0.36453103,0.369701589,0.485483477,0.284227328,0.603775089,0.354683224,0.291036695,8,4
0.316278744,0.306589137,0.417584937,0.229085325,0.485483477,0.284227328,0.24565239,8,5
0.285520901,0.278354477,0.389637404,0.188328493,0.417584937,0.229085325,0.223965642,8,6
0.266090616,0.265226749,0.389883252,0.159876712,0.389637404,0.188328493,0.207586387,8,7
0.251059848,0.262782697,0.400044844,0.139849484,0.389883252,0.159876712,0.190763429,8,8
0.236180588,0.281733122,0.426827088,0.125326685,0.400044844,0.139849484,0.174506413,8,9
0.211013605,0.274960189,0.468415335,0.122538615,0.426827088,0.125326685,0.152838959,8,10
0.192667142,0.294819127,0.522575711,0.145240295,0.468415335,0.122538615,0.130890186,8,11
0.224079412,0.337918298,0.639612478,0.213161336,0.522575711,0.145240295,0.152587109,8,12
0.394117539,0.435944464,0.880080983,0.35138296,0.639612478,0.213161336,0.296469511,8,13
0.814541284,0.761193384,1.313758179,0.578815389,0.880080983,0.35138296,0.640853267,8,14
1.480634805,1.258678765,1.875753274,0.894645176,1.313758179,0.578815389,1.193604872,8,15
2.19053819,1.56911062,2.325305089,1.2622594,1.875753274,0.894645176,1.846586879,8,16
2.827668132,2.113997177,2.540613345,1.618160032,2.325305089,1.2622594,2.386836711,8,17
3.118973206,2.301072831,2.533827037,1.89791564,2.540613345,1.618160032,2.546178528,8,18
3.077788711,2.326059548,2.349810023,2.051836539,2.533827037,1.89791564,2.413745815,8,19
2.836781225,2.26282677,2.112042105,2.06597236,2.349810023,2.051836539,2.213587515,8,20
2.577064612,2.174454149,1.901584232,1.989105664,2.112042105,2.06597236,2.157636514,8,21
2.406982971,1.885509389,1.728858352,1.868212695,1.901584232,1.989105664,2.202043128,8,22
2.415128765,2.057974446,1.622730714,1.760297768,1.728858352,1.868212695,2.170482263,8,23
2.389980016,2.213455531,1.595244478,1.693616635,1.622730714,1.760297768,2.084914557,8,24
2.22834048,1.998663043,1.691396165,1.693299302,1.595244478,1.693616635,2.060531009,8,25
2.103442051,1.810636998,1.801007916,1.749129051,1.691396165,1.693299302,2.135717354,8,26
2.176899178,2.065136032,1.884752899,1.823887348,1.801007916,1.749129051,2.224227146,8,27
2.321114617,2.154990499,1.900703745,1.902769237,1.884752899,1.823887348,2.287678277,8,28
2.479818806,2.232816691,1.857259522,1.960641906,1.900703745,1.902769237,2.331731207,8,29
2.583497591,2.197795821,1.828167823,2.000314737,1.857259522,1.960641906,2.403054622,8,30
2.648367277,2.216882602,1.838858531,2.053314098,1.828167823,2.000314737,2.512390619,8,31
2.686078422,2.318034551,1.939016366,2.120127575,1.838858531,2.053314098,2.567997672,8,32
2.693402267,2.497889731,2.078985938,2.208964804,1.939016366,2.120127575,2.471574526,8,33
2.627668725,2.487642683,2.244394295,2.293213516,2.078985938,2.208964804,2.451695786,8,34
2.541459102,2.444201867,2.419513171,2.326060463,2.244394295,2.293213516,2.57922916,8,35
2.456659737,2.341414298,2.549139136,2.303186363,2.419513171,2.326060463,2.706720085,8,36
2.344422662,2.075023778,2.525858291,2.2395458,2.549139136,2.303186363,2.724934835,8,37
2.241108159,1.945296661,2.299646721,2.175226266,2.525858291,2.2395458,2.575672999,8,38
2.146337944,1.876365173,2.131039589,2.126287567,2.299646721,2.175226266,2.392702019,8,39
2.095060352,1.857354619,2.121759366,2.103163534,2.131039589,2.126287567,2.27689094,8,40
2.116602822,1.86101421,2.161729237,2.090279965,2.121759366,2.103163534,2.355075523,8,41
2.224916971,1.889037732,2.131638017,2.058141703,2.161729237,2.090279965,2.467975501,8,42
2.414089316,2.230124495,2.079355818,1.978641398,2.131638017,2.058141703,2.476403929,8,43
2.47138894,2.505907811,1.998030803,1.829097572,2.079355818,1.978641398,2.198991709,8,44
2.201498948,2.164823819,1.922199886,1.636620721,1.998030803,1.829097572,1.820214255,8,45
1.727680661,1.740549148,1.804806236,1.433537227,1.922199886,1.636620721,1.403994983,8,46
1.186557708,1.219457486,1.621318562,1.22154072,1.804806236,1.433537227,1.005358307,8,47
0.681996416,0.792169763,1.364671652,0.999238866,1.621318562,1.22154072,0.685380594,8,48
0.465550628,0.670095861,0.917777625,0.512841171,1.364671652,0.999238866,0.395447774,9,1
0.444663551,0.531428406,0.797843286,0.43830259,0.917777625,0.512841171,0.397343089,9,2
0.388610443,0.409247766,0.705033914,0.365493964,0.797843286,0.43830259,0.350807314,9,3
0.324047648,0.353907674,0.621714952,0.300378814,0.705033914,0.365493964,0.291274623,9,4
0.275240228,0.322447149,0.540009089,0.245739009,0.621714952,0.300378814,0.245391064,9,5
0.251546625,0.278956156,0.457978644,0.199948757,0.540009089,0.245739009,0.223434592,9,6
0.238113066,0.237553781,0.403734957,0.161947789,0.457978644,0.199948757,0.207245513,9,7
0.225936297,0.227620928,0.407225029,0.132002538,0.403734957,0.161947789,0.19118463,9,8
0.211162822,0.223450806,0.443598781,0.11339244,0.407225029,0.132002538,0.176363588,9,9
0.186421282,0.259489085,0.464094948,0.112181788,0.443598781,0.11339244,0.156094705,9,10
0.158874529,0.309659021,0.467441949,0.136317153,0.464094948,0.112181788,0.132578058,9,11
0.182129729,0.330937378,0.515896948,0.201416223,0.467441949,0.136317153,0.145538104,9,12
0.357014567,0.434441609,0.7120275,0.329970703,0.515896948,0.201416223,0.277864887,9,13
0.793386363,0.893115677,1.1367777,0.544415262,0.7120275,0.329970703,0.641946366,9,14
1.508873092,1.707521298,1.757528003,0.85037597,1.1367777,0.544415262,1.306985955,9,15
2.322432046,2.431953327,2.398193881,1.218526199,1.757528003,0.85037597,2.170802906,9,16
2.959781826,2.695132776,2.78857907,1.588509269,2.398193881,1.218526199,2.918900907,9,17
3.153968945,2.802041596,2.726557778,1.882351215,2.78857907,1.588509269,3.160457545,9,18
2.985883891,2.731526857,2.3867255,2.054675231,2.726557778,1.882351215,2.979073614,9,19
2.693499547,2.40878637,2.051391139,2.085548619,2.3867255,2.054675231,2.623773644,9,20
2.506876764,1.977138174,1.861428452,2.014354053,2.051391139,2.085548619,2.354258751,9,21
2.44478773,1.679267972,1.745137599,1.898013637,1.861428452,2.014354053,2.229672156,9,22
2.346529705,1.736469063,1.726396912,1.80694172,1.745137599,1.898013637,2.143747553,9,23
2.203154538,1.778212354,1.745914952,1.778997055,1.726396912,1.80694172,2.067663877,9,24
2.119496782,1.979741001,1.762179514,1.803732023,1.745914952,1.778997055,2.057413372,9,25
2.15114173,2.201188997,1.815670926,1.854772875,1.762179514,1.803732023,2.137135608,9,26
2.247688884,2.246088886,1.923652615,1.93340734,1.815670926,1.854772875,2.225892731,9,27
2.367104049,2.258976561,1.996842899,2.017409416,1.923652615,1.93340734,2.289143036,9,28
2.486530821,2.308511679,2.030587133,2.068041652,1.996842899,2.017409416,2.3323024,9,29
2.603370714,2.18520528,2.067008857,2.102472044,2.030587133,2.068041652,2.402268709,9,30
2.698118126,2.049488325,2.02907298,2.151672192,2.067008857,2.102472044,2.510872238,9,31
2.704551884,2.382632817,1.98135528,2.195098647,2.02907298,2.151672192,2.565639259,9,32
2.581048543,2.778955591,1.981085942,2.238890971,1.98135528,2.195098647,2.468231444,9,33
2.507367856,2.801767756,2.139107261,2.308625954,1.981085942,2.238890971,2.449672005,9,34
2.561370756,2.588258919,2.41956229,2.377403344,2.139107261,2.308625954,2.579384314,9,35
2.654353281,2.54328136,2.576735675,2.389992806,2.41956229,2.377403344,2.710124377,9,36
2.6740062,2.540052338,2.558633379,2.331636126,2.576735675,2.389992806,2.73355465,9,37
2.550841142,2.172384844,2.38465088,2.222552467,2.558633379,2.331636126,2.579547189,9,38
2.370261504,2.040118453,2.159275691,2.111124561,2.38465088,2.222552467,2.38272264,9,39
2.230327346,2.085615508,2.111079475,2.023129315,2.159275691,2.111124561,2.264255833,9,40
2.247158812,2.328914504,2.234930286,1.958606081,2.111079475,2.023129315,2.353797581,9,41
2.332619501,2.371917171,2.32413851,1.9036688,2.234930286,1.958606081,2.475670075,9,42
2.353650553,2.423284348,2.28690912,1.835304241,2.32413851,1.9036688,2.485779688,9,43
2.15010888,2.343908213,2.071571796,1.720029525,2.28690912,1.835304241,2.204542041,9,44
1.82755613,1.847211441,1.85448156,1.543746339,2.071571796,1.720029525,1.817775362,9,45
1.444276735,1.49543651,1.647256569,1.316945513,1.85448156,1.543746339,1.39646237,9,46
1.051168912,1.191992217,1.417863024,1.076510913,1.647256569,1.316945513,1.003041949,9,47
0.705846313,0.807613854,1.153652485,0.835809516,1.417863024,1.076510913,0.690994272,9,48
0.46070966,0.625570529,0.812879942,0.522240485,1.153652485,0.835809516,0.409464959,10,1
0.402727271,0.580170435,0.714466376,0.46769103,0.812879942,0.522240485,0.371022777,10,2
0.349270799,0.444444801,0.626786282,0.40706027,0.714466376,0.46769103,0.325246807,10,3
0.305306838,0.381115465,0.546765104,0.342160325,0.626786282,0.40706027,0.295088966,10,4
0.267680595,0.347717844,0.478135596,0.280636965,0.546765104,0.342160325,0.278469162,10,5
0.231582099,0.277850487,0.427479874,0.228952407,0.478135596,0.280636965,0.253746327,10,6
0.199496023,0.240751035,0.406126615,0.187837186,0.427479874,0.228952407,0.234445431,10,7
0.178829195,0.23338884,0.392216183,0.157018677,0.406126615,0.187837186,0.209682407,10,8
0.168406946,0.242183034,0.388319811,0.136742474,0.392216183,0.157018677,0.178805169,10,9
0.16337825,0.261624396,0.400946326,0.132126195,0.388319811,0.136742474,0.148522078,10,10
0.178839712,0.284804676,0.434235672,0.154326397,0.400946326,0.132126195,0.129464392,10,11
0.224467593,0.313224533,0.51495091,0.224177494,0.434235672,0.154326397,0.144907108,10,12
0.270317585,0.44429262,0.746463929,0.367753208,0.51495091,0.224177494,0.264513603,10,13
0.438269079,0.707343148,1.192428898,0.606849779,0.746463929,0.367753208,0.611573426,10,14
0.836751644,1.025382265,1.745780308,0.941105092,1.192428898,0.606849779,1.263254393,10,15
1.155017013,1.376864359,2.161071163,1.329805143,1.745780308,0.941105092,2.110926789,10,16
1.44028719,1.560311116,2.350495772,1.696464546,2.161071163,1.329805143,2.796034535,10,17
1.573191948,1.634291107,2.289292362,1.95717068,2.350495772,1.696464546,3.049621819,10,18
1.589035333,1.90719662,2.171189175,2.068875194,2.289292362,1.95717068,2.815257656,10,19
1.536625435,2.024665238,1.990186482,2.044038344,2.171189175,2.068875194,2.416904067,10,20
1.45409251,2.086879916,1.841587214,1.930987241,1.990186482,2.044038344,2.079825833,10,21
1.494523788,2.029585446,1.677094143,1.815097177,1.841587214,1.930987241,1.919745609,10,22
1.733186306,1.942939955,1.596080271,1.749328554,1.677094143,1.815097177,1.953410671,10,23
1.84653872,1.864718112,1.639631973,1.750460623,1.596080271,1.749328554,2.104921006,10,24
1.909696997,1.864714341,1.749221287,1.807276727,1.639631973,1.750460623,2.219173224,10,25
1.970445247,1.916544567,1.885871642,1.88750397,1.749221287,1.807276727,2.253829457,10,26
2.011978884,2.136140098,1.912519832,1.960430037,1.885871642,1.88750397,2.223783925,10,27
2.035849041,2.130743165,1.913484713,1.986908587,1.912519832,1.960430037,2.165499618,10,28
2.007069668,1.841875807,1.945083328,1.972751145,1.913484713,1.986908587,2.113032041,10,29
1.962317468,1.734279322,1.923044147,1.964029014,1.945083328,1.972751145,2.049508127,10,30
1.957742507,1.909107502,1.873270334,2.005290341,1.923044147,1.964029014,2.057263427,10,31
2.001267877,2.19684152,1.948247322,2.103475341,1.873270334,2.005290341,2.176828182,10,32
2.090286748,2.475211369,2.140941882,2.225463951,1.948247322,2.103475341,2.327573055,10,33
2.301441477,2.576601528,2.322955782,2.327626569,2.140941882,2.225463951,2.404050892,10,34
2.566165415,2.628412342,2.45375986,2.378577319,2.322955782,2.327626569,2.587431629,10,35
2.633127557,2.431533896,2.507373603,2.373191158,2.45375986,2.378577319,2.811180122,10,36
2.503730927,1.95242995,2.466389377,2.324025146,2.507373603,2.373191158,2.873138487,10,37
2.326609278,1.566593653,2.27710112,2.242583722,2.466389377,2.324025146,2.728076386,10,38
2.114177072,1.488750608,2.078934307,2.147798323,2.27710112,2.242583722,2.377151897,10,39
1.884684771,1.703570019,1.930229292,2.051359149,2.078934307,2.147798323,2.176021789,10,40
1.908794301,1.932429808,1.839864587,1.972459724,1.930229292,2.051359149,2.259224259,10,41
1.989455001,1.95293411,1.874087655,1.903535927,1.839864587,1.972459724,2.542068126,10,42
1.978418136,2.204890667,2.076951376,1.807932642,1.874087655,1.903535927,2.650924835,10,43
1.885938496,2.389311115,2.273583822,1.659773325,2.076951376,1.807932642,2.393613422,10,44
1.62454933,1.990271452,2.2535058,1.460975454,2.273583822,1.659773325,1.94395652,10,45
1.274773273,1.567679862,1.920255402,1.242080708,2.2535058,1.460975454,1.389201616,10,46
0.76557075,1.125529206,1.43426201,1.02991776,1.920255402,1.242080708,0.941789214,10,47
0.241148293,0.768300382,0.934982487,0.825751007,1.43426201,1.02991776,0.680659823,10,48
0.460728897,0.630588407,0.921005613,0.46478192,0.934982487,0.825751007,0.409743929,11,1
0.402737517,0.54307592,0.803369482,0.406148749,0.921005613,0.46478192,0.370724771,11,2
0.349272105,0.450710505,0.714068802,0.347868143,0.803369482,0.406148749,0.324761511,11,3
0.305307122,0.410505021,0.625081307,0.294074574,0.714068802,0.347868143,0.294917848,11,4
0.26768145,0.3328581,0.52253845,0.24864574,0.625081307,0.294074574,0.278800125,11,5
0.231569529,0.266291135,0.438184351,0.211077006,0.52253845,0.24864574,0.254309296,11,6
0.199498799,0.260257388,0.388680196,0.180378638,0.438184351,0.211077006,0.234805699,11,7
0.178821256,0.266680525,0.380060971,0.155590793,0.388680196,0.180378638,0.209303203,11,8
0.168397313,0.263512816,0.385004519,0.140230987,0.380060971,0.155590793,0.177049485,11,9
0.163487871,0.274332623,0.398029299,0.145639223,0.385004519,0.140230987,0.145370298,11,10
0.17888122,0.317734897,0.426572812,0.189480674,0.398029299,0.145639223,0.127635267,11,11
0.224157203,0.322901339,0.485080108,0.295425762,0.426572812,0.189480674,0.151377785,11,12
0.270406692,0.366326717,0.679660733,0.491512334,0.485080108,0.295425762,0.28207107,11,13
0.437183786,0.749601838,1.08735138,0.798898067,0.679660733,0.491512334,0.608991605,11,14
0.830575273,1.672876281,1.697946783,1.211525342,1.08735138,0.798898067,1.150165752,11,15
1.452134919,2.487594807,2.354721305,1.677759162,1.697946783,1.211525342,1.795947535,11,16
1.754120961,2.929911722,2.750807239,2.120279529,2.354721305,1.677759162,2.289095493,11,17
1.840709777,3.046637757,2.678371402,2.450496252,2.750807239,2.120279529,2.459215587,11,18
1.883465827,2.778260955,2.415398934,2.622559418,2.678371402,2.450496252,2.280757932,11,19
1.890137117,2.475783062,2.135544317,2.635043374,2.415398934,2.622559418,2.032513495,11,20
1.841591697,2.302211312,1.839940391,2.53902276,2.135544317,2.635043374,1.895909367,11,21
1.766269479,2.133362505,1.611919265,2.423406837,1.839940391,2.53902276,1.891799692,11,22
1.765688597,1.959175476,1.532552359,2.37202913,1.611919265,2.423406837,1.975841373,11,23
1.833446417,1.912011256,1.487370504,2.397370187,1.532552359,2.37202913,2.119124762,11,24
1.901802207,2.250122593,1.521407329,2.453165974,1.487370504,2.397370187,2.221076356,11,25
1.963940454,2.371184813,1.648853403,2.513142245,1.521407329,2.453165974,2.252266812,11,26
2.014588258,2.298710704,1.900667217,2.544225394,1.648853403,2.513142245,2.222317765,11,27
2.036388739,2.153814151,2.146653352,2.539914049,1.900667217,2.544225394,2.164219082,11,28
2.006851477,2.24688027,2.176742115,2.499649685,2.146653352,2.539914049,2.112454133,11,29
1.962412544,2.431170799,2.012791239,2.433109019,2.176742115,2.499649685,2.05011525,11,30
1.957655272,2.541668042,1.852882134,2.369118345,2.012791239,2.433109019,2.058684401,11,31
2.001264507,2.514786542,1.811566096,2.327828255,1.852882134,2.369118345,2.179406673,11,32
2.090304482,2.656469412,1.896992204,2.31312629,1.811566096,2.327828255,2.331415342,11,33
2.301435275,2.712002043,2.171378678,2.337389002,1.896992204,2.31312629,2.406586683,11,34
2.566166464,2.632100507,2.544960384,2.417350219,2.171378678,2.337389002,2.587848276,11,35
2.633131246,2.669014205,2.773566612,2.498973939,2.544960384,2.417350219,2.808130543,11,36
2.503729938,2.572742519,2.790059036,2.528673737,2.773566612,2.498973939,2.86365157,11,37
2.326609541,2.447831594,2.545413878,2.505163288,2.790059036,2.528673737,2.721788984,11,38
2.114176864,2.385257573,2.135278471,2.458035123,2.545413878,2.505163288,2.385248306,11,39
1.884684828,2.264148423,1.854736001,2.419834726,2.135278471,2.458035123,2.188751328,11,40
1.908794297,2.243477471,1.836410629,2.415823198,1.854736001,2.419834726,2.261271266,11,41
1.989454978,2.464409128,1.970115116,2.42945869,1.836410629,2.415823198,2.534388906,11,42
1.978418172,2.674295427,2.107478529,2.423754749,1.970115116,2.42945869,2.641034821,11,43
1.885938499,2.411307841,2.140245465,2.344246352,2.107478529,2.423754749,2.387345034,11,44
1.624549334,1.833864665,2.028518846,2.135082234,2.140245465,2.344246352,1.945670147,11,45
1.274773285,1.435213965,1.794764362,1.79211568,2.028518846,2.135082234,1.396064901,11,46
0.76557075,1.190131433,1.562302263,1.371005812,1.794764362,1.79211568,0.943852598,11,47
0.241148294,0.89500452,1.387630926,0.915758391,1.562302263,1.371005812,0.674925714,11,48
0.558106439,0.605668601,0.912528193,0.541028627,1.387630926,0.915758391,0.449282428,12,1
0.48405425,0.535924884,0.888894027,0.458366721,0.912528193,0.541028627,0.409752006,12,2
0.420402399,0.451815741,0.81071572,0.383059856,0.888894027,0.458366721,0.369636473,12,3
0.351934495,0.357983735,0.683587978,0.319682042,0.81071572,0.383059856,0.319922595,12,4
0.297308826,0.31193398,0.55681236,0.267711515,0.683587978,0.319682042,0.282260771,12,5
0.25403038,0.277601878,0.473093581,0.223294623,0.55681236,0.267711515,0.241245823,12,6
0.21705344,0.262835631,0.425904701,0.188089176,0.473093581,0.223294623,0.209718727,12,7
0.200892515,0.261734506,0.408707988,0.162280852,0.425904701,0.188089176,0.196863735,12,8
0.193361192,0.250435167,0.404180562,0.145624379,0.408707988,0.162280852,0.189522509,12,9
0.181834309,0.271880896,0.408522752,0.139051601,0.404180562,0.145624379,0.175873887,12,10
0.172318761,0.266208089,0.420102386,0.150316969,0.408522752,0.139051601,0.163013245,12,11
0.204717548,0.287769797,0.490527486,0.195616357,0.420102386,0.150316969,0.182917279,12,12
0.370011963,0.428943577,0.709619751,0.299706848,0.490527486,0.195616357,0.327646463,12,13
0.776158983,0.77670374,1.176229912,0.488852391,0.709619751,0.299706848,0.700177943,12,14
1.452475354,1.242510927,1.887341537,0.775489442,1.176229912,0.488852391,1.308279935,12,15
2.262025816,1.63997546,2.649214148,1.14600641,1.887341537,0.775489442,2.061893957,12,16
2.88596459,1.921830278,3.145154608,1.546824988,2.649214148,1.14600641,2.781633912,12,17
3.07009864,2.142080401,3.103137382,1.895331126,3.145154608,1.546824988,3.066258947,12,18
2.91852096,2.309053055,2.627164376,2.129419927,3.103137382,1.895331126,2.912922722,12,19
2.643595287,2.140529606,2.076003172,2.206066207,2.627164376,2.129419927,2.557741868,12,20
2.394414876,1.876567855,1.658805848,2.15017281,2.076003172,2.206066207,2.100207527,12,21
2.274788617,1.726908267,1.46993157,2.037890314,1.658805848,2.15017281,1.896071176,12,22
2.259595825,1.709617163,1.456833353,1.936934084,1.46993157,2.037890314,1.980084215,12,23
2.22863932,1.695467979,1.53281638,1.882981023,1.456833353,1.936934084,2.172495533,12,24
2.139645416,1.85667028,1.650723158,1.88382493,1.53281638,1.882981023,2.303770715,12,25
2.037801117,2.054452185,1.780938397,1.935756024,1.650723158,1.88382493,2.478002631,12,26
1.979727152,2.340421844,1.92399985,2.013192701,1.780938397,1.935756024,2.563790604,12,27
1.93929204,2.360939693,1.951105845,2.094604994,1.92399985,2.013192701,2.545010718,12,28
1.97922998,2.120781116,1.839687687,2.171495202,1.951105845,2.094604994,2.44669588,12,29
2.193656254,1.97510599,1.694564454,2.245582706,1.839687687,2.171495202,2.313878018,12,30
2.502180829,2.186004683,1.661382763,2.31831048,1.694564454,2.245582706,2.243027856,12,31
2.792007266,2.378547992,1.815482828,2.379663941,1.661382763,2.31831048,2.289701538,12,32
2.906300101,2.530118342,2.096025992,2.42295812,1.815482828,2.379663941,2.354305958,12,33
2.800300404,2.630542502,2.388302921,2.450000625,2.096025992,2.42295812,2.42699933,12,34
2.578061828,2.634591546,2.590491347,2.470108822,2.388302921,2.450000625,2.593019725,12,35
2.465676152,2.734955266,2.658949122,2.462345902,2.590491347,2.470108822,2.806868404,12,36
2.518620268,2.629350639,2.597585173,2.383815962,2.658949122,2.462345902,2.852667768,12,37
2.55994163,2.202508972,2.41641726,2.259065711,2.597585173,2.383815962,2.658166942,12,38
2.438258168,1.891846576,2.237468009,2.123957349,2.41641726,2.259065711,2.390273537,12,39
2.287200243,1.979748577,2.122130659,1.993931383,2.237468009,2.123957349,2.27605184,12,40
2.225528053,2.133392838,2.121691888,1.898351245,2.122130659,1.993931383,2.457538631,12,41
2.293098398,2.310162995,2.196822609,1.834121079,2.121691888,1.898351245,2.778438732,12,42
2.367772609,2.547017446,2.209719061,1.776853178,2.196822609,1.834121079,2.738471961,12,43
2.205564343,2.253176749,2.061710113,1.707985354,2.209719061,1.776853178,2.366557518,12,44
1.851949235,1.829224589,1.777926358,1.600452233,2.061710113,1.707985354,1.868545461,12,45
1.47260111,1.322842362,1.492398666,1.431836093,1.777926358,1.600452233,1.411508916,12,46
1.129483515,1.102167098,1.306043951,1.216698218,1.492398666,1.431836093,1.044193666,12,47
0.81624357,0.920438977,1.191662317,0.984218281,1.306043951,1.216698218,0.743147803,12,48
0.475194301,0.672952671,0.93484312,0.54327973,1.191662317,0.984218281,0.449614364,13,1
0.420459112,0.544242719,0.802558851,0.464525662,0.93484312,0.54327973,0.409404775,13,2
0.365068004,0.476693797,0.666294299,0.386162671,0.802558851,0.464525662,0.369039695,13,3
0.327916669,0.414488317,0.558992636,0.315125769,0.666294299,0.386162671,0.319682229,13,4
0.308078517,0.35982939,0.485488174,0.254854637,0.558992636,0.315125769,0.282581108,13,5
0.288270168,0.288746439,0.422407093,0.207428298,0.485488174,0.254854637,0.241832436,13,6
0.272326891,0.235373482,0.365374215,0.173409662,0.422407093,0.207428298,0.210109236,13,7
0.249001978,0.249277466,0.318633492,0.149617811,0.365374215,0.173409662,0.196474037,13,8
0.21629006,0.292516395,0.301135475,0.134596122,0.318633492,0.149617811,0.187533357,13,9
0.179778156,0.306404794,0.328025513,0.13349814,0.301135475,0.134596122,0.171991545,13,10
0.154051133,0.301199871,0.378454169,0.157266956,0.328025513,0.13349814,0.159943265,13,11
0.177925536,0.329358163,0.46742243,0.222032308,0.378454169,0.157266956,0.188390379,13,12
0.339288252,0.457696794,0.658940254,0.350385342,0.46742243,0.222032308,0.345889222,13,13
0.754799579,0.758911894,1.04805378,0.559844106,0.658940254,0.350385342,0.702164749,13,14
1.45020121,1.240054101,1.649480739,0.846055777,1.04805378,0.559844106,1.205693379,13,15
2.24410711,1.793429992,2.306868086,1.170749871,1.649480739,0.846055777,1.761060485,13,16
2.830950875,2.248943368,2.792973732,1.483513579,2.306868086,1.170749871,2.276086022,13,17
3.016253667,2.252985635,2.837927359,1.733902786,2.792973732,1.483513579,2.47133213,13,18
2.793753458,2.130271669,2.567113605,1.893985996,2.837927359,1.733902786,2.357926521,13,19
2.442879351,2.090619747,2.1631016,1.967700666,2.567113605,1.893985996,2.140021208,13,20
2.186451061,2.138611744,1.849247392,1.963872201,2.1631016,1.967700666,1.899993308,13,21
2.1041391,2.007399014,1.620988917,1.902012445,1.849247392,1.963872201,1.865531811,13,22
2.132833163,2.049326697,1.533236083,1.834095519,1.620988917,1.902012445,2.003779848,13,23
2.209085241,2.142357336,1.577478473,1.814440923,1.533236083,1.834095519,2.187623099,13,24
2.258783813,2.13435817,1.647453833,1.8500436,1.577478473,1.814440923,2.306085955,13,25
2.26897147,2.159070311,1.677202068,1.909600099,1.647453833,1.8500436,2.476590452,13,26
2.251266022,2.347456342,1.793069081,1.969758643,1.677202068,1.909600099,2.562282336,13,27
2.227235474,2.301818276,1.964707024,2.023189383,1.793069081,1.969758643,2.543552601,13,28
2.211081812,2.116433187,1.995444908,2.08137969,1.964707024,2.023189383,2.446027153,13,29
2.183196461,2.207733227,1.937376564,2.143712576,1.995444908,2.08137969,2.314552848,13,30
2.194329816,2.22956383,1.946051874,2.214544277,1.937376564,2.143712576,2.244488407,13,31
2.275063582,2.28891626,1.939718472,2.308582911,1.946051874,2.214544277,2.292149159,13,32
2.376787061,2.198951577,1.985177749,2.409575738,1.939718472,2.308582911,2.357876835,13,33
2.438922999,2.296498104,2.24755394,2.47834084,1.985177749,2.409575738,2.429307185,13,34
2.583534944,2.637096453,2.61548334,2.49265076,2.24755394,2.47834084,2.593202312,13,35
2.766555475,2.559042056,2.796818357,2.442437752,2.61548334,2.49265076,2.803617431,13,36
2.818888595,2.400384225,2.694808058,2.339028012,2.796818357,2.442437752,2.843599204,13,37
2.682196,2.257115548,2.387738874,2.20786024,2.694808058,2.339028012,2.653526021,13,38
2.377186634,1.940228545,2.147552519,2.077817973,2.387738874,2.20786024,2.40007811,13,39
2.165402017,1.8726294,2.08210863,1.998934263,2.147552519,2.077817973,2.289388647,13,40
2.187369076,2.166674739,2.111678242,1.986347598,2.08210863,1.998934263,2.458974157,13,41
2.397647613,2.384542036,2.168822398,1.993061466,2.111678242,1.986347598,2.769550999,13,42
2.511486028,2.468157683,2.231173791,1.954573055,2.168822398,1.993061466,2.727837407,13,43
2.333660803,2.051993411,2.184248774,1.831944006,2.231173791,1.954573055,2.360028696,13,44
1.954915126,1.698059709,1.989586577,1.650753626,2.184248774,1.831944006,1.870425665,13,45
1.459048073,1.420723278,1.663206159,1.430199295,1.989586577,1.650753626,1.418632107,13,46
1.007440638,1.161663556,1.375834603,1.183266629,1.663206159,1.430199295,1.046094145,13,47
0.677473298,0.806166773,1.147071282,0.934141993,1.375834603,1.183266629,0.737203678,13,48
0.530018108,0.654038396,0.907662419,0.495472129,1.147071282,0.934141993,0.447875007,14,1
0.471615633,0.646123879,0.742203443,0.417242813,0.907662419,0.495472129,0.417944194,14,2
0.415119734,0.519345948,0.603568046,0.3444492,0.742203443,0.417242813,0.393439021,14,3
0.356938413,0.393932039,0.517346278,0.282890033,0.603568046,0.3444492,0.352295886,14,4
0.312669243,0.32488912,0.463849663,0.232807588,0.517346278,0.282890033,0.309916403,14,5
0.273035578,0.302222275,0.414477538,0.191155999,0.463849663,0.232807588,0.270289436,14,6
0.245962321,0.264300533,0.366421093,0.156460749,0.414477538,0.191155999,0.237644706,14,7
0.235954522,0.246690079,0.33915348,0.130915667,0.366421093,0.156460749,0.206943751,14,8
0.230627517,0.249386731,0.337675005,0.1190701,0.33915348,0.130915667,0.181568997,14,9
0.21789368,0.262420188,0.372575486,0.130305314,0.337675005,0.1190701,0.159929191,14,10
0.205438215,0.276060923,0.445577479,0.178249679,0.372575486,0.130305314,0.138449441,14,11
0.236792213,0.320482612,0.595314358,0.282873336,0.445577479,0.178249679,0.15136747,14,12
0.41628542,0.441728227,0.923476903,0.470351655,0.595314358,0.282873336,0.264022631,14,13
0.845087235,0.788111045,1.496143717,0.761247034,0.923476903,0.470351655,0.589331299,14,14
1.501614109,1.465404438,2.194849706,1.147793424,1.496143717,0.761247034,1.178525915,14,15
2.218480133,2.336495509,2.807894041,1.585172044,2.194849706,1.147793424,1.878716603,14,16
2.823110823,3.11200067,3.182807232,2.005846454,2.807894041,1.585172044,2.405865959,14,17
3.04192067,3.313916272,3.260254595,2.33465245,3.182807232,2.005846454,2.520869647,14,18
2.883097452,2.759512511,2.981749403,2.500848562,3.260254595,2.33465245,2.398691198,14,19
2.55844249,2.098122503,2.411218265,2.476104409,2.981749403,2.500848562,2.262016654,14,20
2.218406914,1.948315726,1.787489408,2.316067883,2.411218265,2.476104409,2.181318092,14,21
2.09865948,1.938620718,1.34761003,2.13207423,1.787489408,2.316067883,2.156539205,14,22
2.16303892,1.891196548,1.181968379,2.017225294,1.34761003,2.13207423,2.097565679,14,23
2.286071147,1.946443795,1.186447644,1.993057053,1.181968379,2.017225294,2.095922434,14,24
2.383266366,2.168779573,1.309644892,2.049519886,1.186447644,1.993057053,2.187592878,14,25
2.525524618,2.415361504,1.471318855,2.143811289,1.309644892,2.049519886,2.159491756,14,26
2.624402068,2.427468122,1.603082753,2.235649486,1.471318855,2.143811289,1.997014929,14,27
2.65035275,2.342324703,1.71418435,2.314881054,1.603082753,2.235649486,1.896663409,14,28
2.602927938,2.366315864,1.811127151,2.383926827,1.71418435,2.314881054,1.955021688,14,29
2.503289136,2.17776143,1.870928981,2.445807646,1.811127151,2.383926827,2.100337459,14,30
2.422059027,2.253698202,1.964563762,2.520795074,1.870928981,2.445807646,2.277653209,14,31
2.412434295,2.31244707,2.199281927,2.623813777,1.964563762,2.520795074,2.410870092,14,32
2.42512142,2.61308215,2.456452463,2.711693124,2.199281927,2.623813777,2.455327164,14,33
2.461972091,2.674400309,2.592303197,2.739550384,2.456452463,2.711693124,2.524805159,14,34
2.584126739,2.639669045,2.639192498,2.712350002,2.592303197,2.739550384,2.627052249,14,35
2.752679821,2.660540795,2.690813017,2.661416038,2.639192498,2.712350002,2.674188455,14,36
2.790960845,2.685422153,2.661470413,2.591546324,2.690813017,2.661416038,2.619758748,14,37
2.633365482,2.512565489,2.445190326,2.497528333,2.661470413,2.591546324,2.428469916,14,38
2.402008582,2.095111745,2.30008664,2.420234964,2.445190326,2.497528333,2.215130644,14,39
2.275411259,2.020154488,2.326505812,2.376061984,2.30008664,2.420234964,2.2332014,14,40
2.377056428,2.226367547,2.446401323,2.358027767,2.326505812,2.376061984,2.539771704,14,41
2.603870733,2.586446303,2.502968572,2.328405618,2.446401323,2.358027767,2.873568873,14,42
2.60308375,2.791618418,2.539943055,2.264431442,2.502968572,2.328405618,2.910225727,14,43
2.32537352,2.673869841,2.484169899,2.132419735,2.539943055,2.264431442,2.602198085,14,44
1.905466538,2.233142652,2.219066891,1.899439844,2.484169899,2.132419735,1.984050505,14,45
1.478206783,1.860502669,1.877745034,1.584447789,2.219066891,1.899439844,1.364501801,14,46
1.093331012,1.280267459,1.516247617,1.219403729,1.877745034,1.584447789,0.893628868,14,47
0.756942125,0.816654384,1.147216747,0.833676651,1.516247617,1.219403729,0.520590757,14,48
